,Unnamed: 0,Date_of_observation,Species_name,Leaves_fresh,Leaves_mature,Leaves_old,Flowers_bud,Flowers_open,Flowers_male,Flowers_Female,Fruits_unripe,Fruits_ripe,Fruits_open,Year,Week
0,0,2019-09-19,Arjun-Terminalia arjuna,1.0,2.0,0.0,0.0,0.0,-2.0,-2.0,2.0,0.0,-2.0,2019,33
1,1,2023-11-29,Arjun-Terminalia arjuna,1.0,2.0,0.0,-1.0,-1.0,-2.0,-2.0,2.0,2.0,-2.0,2023,42
2,2,2023-11-09,Babool-Acacia nilotica,1.0,2.0,1.0,0.0,0.0,-2.0,-2.0,0.0,0.0,-2.0,2023,40
3,3,2023-11-06,Banyan-Ficus benghalensis,0.0,2.0,1.0,-2.0,-2.0,-2.0,-2.0,0.0,0.0,-2.0,2023,39
4,4,2016-03-22,Banyan-Ficus benghalensis,2.0,1.0,,0.0,0.0,,,0.0,0.0,,2016,10
5,5,2015-11-03,Banyan-Ficus benghalensis,2.0,2.0,,2.0,2.0,,,1.0,2.0,,2015,39
6,6,2015-11-24,Banyan-Ficus benghalensis,1.0,2.0,,1.0,0.0,,,1.0,0.0,,2015,42
7,7,2016-02-09,Banyan-Ficus benghalensis,0.0,2.0,,0.0,0.0,,,0.0,0.0,,2016,5
8,8,2015-12-01,Banyan-Ficus benghalensis,1.0,2.0,,1.0,0.0,,,1.0,1.0,,2015,43
9,9,2016-03-01,Banyan-Ficus benghalensis,0.0,2.0,,0.0,0.0,,,0.0,0.0,,2016,7
10,10,2019-12-13,Banyan-Ficus benghalensis,2.0,2.0,0.0,-2.0,-2.0,-2.0,-2.0,0.0,0.0,-2.0,2019,44
11,11,2016-02-16,Banyan-Ficus benghalensis,0.0,2.0,,0.0,0.0,,,0.0,0.0,,2016,6
12,12,2016-02-23,Banyan-Ficus benghalensis,0.0,2.0,,0.0,0.0,,,0.0,0.0,,2016,6
13,13,2015-11-10,Banyan-Ficus benghalensis,1.0,2.0,,2.0,0.0,,,2.0,1.0,,2015,40
14,14,2015-11-17,Banyan-Ficus benghalensis,1.0,2.0,,1.0,0.0,,,2.0,1.0,,2015,41
15,15,2016-03-08,Banyan-Ficus benghalensis,0.0,1.0,,0.0,0.0,,,0.0,1.0,,2016,8
16,16,2016-09-20,Banyan-Ficus benghalensis,0.0,2.0,,0.0,0.0,,,1.0,2.0,,2016,33
17,17,2016-09-06,Banyan-Ficus benghalensis,1.0,2.0,,0.0,0.0,,,0.0,2.0,,2016,32
18,18,2016-09-13,Banyan-Ficus benghalensis,1.0,2.0,,0.0,0.0,,,0.0,2.0,,2016,33
19,19,2016-08-30,Banyan-Ficus benghalensis,0.0,2.0,,0.0,0.0,,,0.0,2.0,,2016,31
20,20,2016-08-23,Banyan-Ficus benghalensis,0.0,2.0,,0.0,0.0,,,0.0,2.0,,2016,30
21,21,2016-09-27,Banyan-Ficus benghalensis,0.0,2.0,,0.0,1.0,,,1.0,2.0,,2016,34
22,22,2016-08-09,Banyan-Ficus benghalensis,1.0,2.0,,0.0,0.0,,,1.0,2.0,,2016,28
23,23,2016-08-16,Banyan-Ficus benghalensis,1.0,2.0,,0.0,0.0,,,1.0,2.0,,2016,29
24,24,2016-03-15,Banyan-Ficus benghalensis,0.0,1.0,,1.0,1.0,,,2.0,0.0,,2016,9
25,25,2016-04-12,Banyan-Ficus benghalensis,2.0,1.0,,1.0,0.0,,,0.0,0.0,,2016,13
26,26,2016-03-29,Banyan-Ficus benghalensis,2.0,1.0,,0.0,0.0,,,0.0,0.0,,2016,11
27,27,2016-04-05,Banyan-Ficus benghalensis,2.0,1.0,,0.0,0.0,,,0.0,0.0,,2016,12
28,28,2016-03-22,Banyan-Ficus benghalensis,0.0,1.0,,1.0,0.0,,,2.0,0.0,,2016,10
29,29,2016-01-12,Banyan-Ficus benghalensis,0.0,2.0,,0.0,0.0,,,0.0,0.0,,2016,1
30,30,2015-12-15,Banyan-Ficus benghalensis,1.0,2.0,,0.0,0.0,,,2.0,1.0,,2015,44
31,31,2015-12-29,Banyan-Ficus benghalensis,1.0,2.0,,0.0,0.0,,,0.0,1.0,,2015,46
32,32,2015-12-22,Banyan-Ficus benghalensis,1.0,2.0,,0.0,0.0,,,0.0,1.0,,2015,45
33,33,2016-08-02,Banyan-Ficus benghalensis,1.0,2.0,,1.0,0.0,,,1.0,2.0,,2016,27
34,34,2016-01-05,Banyan-Ficus benghalensis,0.0,2.0,,0.0,0.0,,,0.0,1.0,,2016,0
35,35,2016-01-05,Banyan-Ficus benghalensis,0.0,2.0,,0.0,0.0,,,0.0,1.0,,2016,0
36,36,2016-02-02,Banyan-Ficus benghalensis,0.0,2.0,,0.0,0.0,,,0.0,0.0,,2016,4
37,37,2019-03-18,Banyan-Ficus benghalensis,0.0,2.0,1.0,-2.0,-2.0,-2.0,-2.0,0.0,2.0,-2.0,2019,9
38,38,2015-12-08,Banyan-Ficus benghalensis,0.0,2.0,,0.0,0.0,,,0.0,1.0,,2015,44
39,39,2023-11-14,Banyan-Ficus benghalensis,1.0,2.0,1.0,-2.0,-2.0,-2.0,-2.0,0.0,0.0,-2.0,2023,40
40,40,2016-01-19,Banyan-Ficus benghalensis,0.0,2.0,,0.0,0.0,,,0.0,0.0,,2016,2
41,41,2016-07-19,Banyan-Ficus benghalensis,1.0,2.0,,0.0,0.0,,,0.0,2.0,,2016,25
42,42,2016-07-12,Banyan-Ficus benghalensis,0.0,2.0,,0.0,0.0,,,0.0,2.0,,2016,24
43,43,2016-07-05,Banyan-Ficus benghalensis,1.0,2.0,,0.0,0.0,,,0.0,2.0,,2016,24
44,44,2016-06-28,Banyan-Ficus benghalensis,1.0,2.0,,0.0,0.0,,,0.0,2.0,,2016,23
45,45,2016-06-21,Banyan-Ficus benghalensis,1.0,2.0,,1.0,0.0,,,0.0,2.0,,2016,22
46,46,2016-06-14,Banyan-Ficus benghalensis,1.0,2.0,,1.0,0.0,,,0.0,2.0,,2016,21
47,47,2016-06-07,Banyan-Ficus benghalensis,1.0,2.0,,1.0,0.0,,,1.0,2.0,,2016,20
48,48,2016-05-31,Banyan-Ficus benghalensis,1.0,2.0,,1.0,0.0,,,1.0,2.0,,2016,19
49,49,2016-05-24,Banyan-Ficus benghalensis,1.0,2.0,,1.0,0.0,,,1.0,2.0,,2016,18
50,50,2016-05-17,Banyan-Ficus benghalensis,1.0,2.0,,1.0,0.0,,,1.0,1.0,,2016,17
51,51,2016-05-10,Banyan-Ficus benghalensis,1.0,2.0,,1.0,0.0,,,1.0,1.0,,2016,16
52,52,2016-05-04,Banyan-Ficus benghalensis,0.0,2.0,,0.0,0.0,,,0.0,0.0,,2016,16
53,53,2016-01-26,Banyan-Ficus benghalensis,0.0,2.0,,0.0,0.0,,,0.0,0.0,,2016,3
54,54,2016-10-11,Banyan-Ficus benghalensis,1.0,2.0,,0.0,1.0,,,1.0,2.0,,2016,36
55,55,2023-11-04,Champa-Michelia champaca,1.0,2.0,1.0,0.0,1.0,-2.0,-2.0,0.0,0.0,0.0,2023,39
56,56,2023-11-04,Chiku Sapodilla-Manilkara zapotaÂ†,1.0,2.0,1.0,0.0,0.0,-2.0,-2.0,0.0,0.0,-2.0,2023,39
57,57,2019-09-16,Chinaberry-Melia azedarach,1.0,2.0,0.0,0.0,0.0,-2.0,-2.0,2.0,0.0,-2.0,2019,33
58,58,2020-03-30,Chinaberry-Melia azedarach,2.0,0.0,0.0,0.0,2.0,-2.0,-2.0,0.0,2.0,-2.0,2020,11
59,59,2019-03-15,Chinaberry-Melia azedarach,2.0,0.0,1.0,0.0,0.0,-2.0,-2.0,0.0,1.0,-2.0,2019,9
60,60,2022-04-22,Coconut palm-Cocos nucifera,2.0,1.0,1.0,2.0,2.0,-2.0,-2.0,2.0,2.0,-2.0,2022,14
61,61,2019-09-16,Country Fig-Ficus racemosa,1.0,2.0,1.0,-2.0,-2.0,-2.0,-2.0,2.0,1.0,-2.0,2019,33
62,62,2019-09-16,Country Fig-Ficus racemosa,1.0,2.0,0.0,-2.0,-2.0,-2.0,-2.0,2.0,1.0,-2.0,2019,33
63,63,2018-05-05,Country Fig-Ficus racemosa,1.0,2.0,,-1.0,-1.0,,,2.0,-1.0,,2018,16
64,64,2018-06-12,Country Fig-Ficus racemosa,1.0,2.0,,0.0,0.0,,,2.0,0.0,,2018,20
65,65,2018-04-04,Country Fig-Ficus racemosa,1.0,2.0,,-1.0,-1.0,,,2.0,2.0,,2018,12
66,66,2019-03-15,Country Fig-Ficus racemosa,1.0,2.0,0.0,0.0,0.0,-2.0,-2.0,2.0,0.0,-2.0,2019,9
67,67,2023-11-09,Crepe Jasmine-Tabernaemontana divaricata,1.0,2.0,1.0,0.0,0.0,-2.0,-2.0,0.0,0.0,0.0,2023,40
68,68,2019-06-11,Curry leaf plant-Murraya koenigii,2.0,0.0,0.0,-2.0,-2.0,-2.0,-2.0,-2.0,-2.0,-2.0,2019,20
69,69,2019-12-15,Devil's Tree-Alstonia scholaris,2.0,2.0,1.0,1.0,1.0,-2.0,-2.0,1.0,-1.0,1.0,2019,44
70,70,2023-12-10,Devil's Tree-Alstonia scholaris,1.0,2.0,0.0,-1.0,2.0,-2.0,-2.0,0.0,0.0,0.0,2023,44
71,71,2019-10-25,Devil's Tree-Alstonia scholaris,-2.0,-2.0,-2.0,2.0,0.0,-2.0,-2.0,-2.0,-2.0,-2.0,2019,38
72,72,2019-11-12,Devil's Tree-Alstonia scholaris,2.0,2.0,1.0,1.0,1.0,-2.0,-2.0,0.0,0.0,0.0,2019,40
73,73,2023-12-15,Devil's Tree-Alstonia scholaris,1.0,2.0,1.0,-1.0,2.0,0.0,0.0,0.0,0.0,0.0,2023,44
74,74,2022-09-02,Devil's Tree-Alstonia scholaris,2.0,2.0,0.0,0.0,0.0,-2.0,-2.0,0.0,0.0,0.0,2022,31
75,75,2023-12-02,Devil's Tree-Alstonia scholaris,0.0,2.0,1.0,2.0,2.0,-2.0,-2.0,0.0,0.0,-2.0,2023,43
76,76,2019-12-01,Devil's Tree-Alstonia scholaris,2.0,2.0,1.0,0.0,0.0,-2.0,-2.0,-1.0,-1.0,1.0,2019,43
77,77,2021-11-21,Devil's Tree-Alstonia scholaris,-1.0,2.0,-1.0,0.0,2.0,-2.0,-2.0,-2.0,-2.0,-2.0,2021,41
78,78,2020-01-04,Devil's Tree-Alstonia scholaris,1.0,2.0,1.0,0.0,0.0,-2.0,-2.0,0.0,-1.0,1.0,2020,0
79,79,2022-03-19,Devil's Tree-Alstonia scholaris,-1.0,2.0,1.0,0.0,0.0,0.0,0.0,2.0,0.0,0.0,2022,10
80,80,2023-12-04,Devil's Tree-Alstonia scholaris,1.0,2.0,0.0,-1.0,2.0,0.0,0.0,0.0,0.0,0.0,2023,43
81,81,2020-03-29,Devil's Tree-Alstonia scholaris,0.0,2.0,0.0,0.0,1.0,-2.0,-2.0,2.0,0.0,0.0,2020,11
82,82,2023-11-04,Devil's Tree-Alstonia scholaris,1.0,2.0,1.0,1.0,0.0,-2.0,-2.0,0.0,0.0,0.0,2023,39
83,83,2019-03-18,Devil's Tree-Alstonia scholaris,0.0,2.0,1.0,-2.0,-2.0,-2.0,-2.0,-1.0,-1.0,0.0,2019,9
84,84,2021-11-25,Drumstick tree-Moringa oleifera,1.0,2.0,1.0,0.0,0.0,0.0,0.0,0.0,0.0,0.0,2021,42
85,85,2021-01-22,Drumstick tree-Moringa oleifera,1.0,2.0,1.0,2.0,1.0,0.0,0.0,0.0,0.0,0.0,2021,2
86,86,2023-11-09,Drumstick tree-Moringa oleifera,1.0,2.0,1.0,1.0,2.0,-2.0,-2.0,1.0,0.0,-2.0,2023,40
87,87,2019-11-28,Drumstick tree-Moringa oleifera,2.0,2.0,1.0,1.0,1.0,-2.0,-2.0,0.0,0.0,-2.0,2019,42
88,88,2019-11-01,Drumstick tree-Moringa oleifera,1.0,2.0,2.0,1.0,0.0,-2.0,-2.0,0.0,0.0,-2.0,2019,39
89,89,2020-02-05,Drumstick tree-Moringa oleifera,0.0,2.0,1.0,0.0,0.0,-2.0,-2.0,0.0,0.0,-2.0,2020,4
90,90,2018-11-19,Drumstick tree-Moringa oleifera,-1.0,2.0,-1.0,-1.0,1.0,-2.0,-2.0,-2.0,2.0,-2.0,2018,41
91,91,2020-02-25,Drumstick tree-Moringa oleifera,1.0,2.0,1.0,1.0,1.0,-2.0,-2.0,0.0,0.0,-2.0,2020,7
92,92,2023-11-09,Soft fig-Ficus mollis,1.0,2.0,1.0,-2.0,-2.0,-2.0,-2.0,0.0,0.0,-2.0,2023,40
93,93,2019-09-16,Fish-tail Palm-Caryota urens,0.0,1.0,2.0,0.0,0.0,-2.0,-2.0,0.0,0.0,-2.0,2019,33
94,94,2023-11-29,Fish-tail Palm-Caryota urens,1.0,2.0,2.0,-1.0,-1.0,-2.0,-2.0,-1.0,-1.0,-2.0,2023,42
95,95,2017-04-02,Fish-tail Palm-Caryota urens,0.0,2.0,,0.0,0.0,,,2.0,-1.0,,2017,11
96,96,2023-11-04,Flame of the Forest-Butea monosperma,0.0,2.0,1.0,0.0,0.0,-2.0,-2.0,0.0,0.0,-2.0,2023,39
97,97,2019-03-20,Flame of the Forest-Butea monosperma,0.0,1.0,1.0,1.0,2.0,-2.0,-2.0,0.0,0.0,-2.0,2019,10
98,98,2020-01-23,Floss Silk Tree-Ceiba speciosa,1.0,2.0,1.0,1.0,1.0,-2.0,-2.0,1.0,0.0,0.0,2020,2
99,99,2020-03-12,Floss Silk Tree-Ceiba speciosa,1.0,1.0,0.0,0.0,0.0,-2.0,-2.0,1.0,1.0,0.0,2020,9
100,100,2020-02-06,Floss Silk Tree-Ceiba speciosa,0.0,2.0,1.0,1.0,1.0,-2.0,-2.0,1.0,0.0,0.0,2020,4
101,101,2020-01-03,Floss Silk Tree-Ceiba speciosa,1.0,2.0,1.0,1.0,1.0,-2.0,-2.0,1.0,0.0,0.0,2020,0
102,102,2019-11-13,Floss Silk Tree-Ceiba speciosa,1.0,2.0,1.0,2.0,1.0,-2.0,-2.0,0.0,0.0,0.0,2019,40
103,103,2019-10-30,Floss Silk Tree-Ceiba speciosa,1.0,2.0,1.0,1.0,1.0,-2.0,-2.0,1.0,0.0,0.0,2019,39
104,104,2019-12-16,Floss Silk Tree-Ceiba speciosa,1.0,2.0,1.0,1.0,1.0,-2.0,-2.0,1.0,0.0,0.0,2019,45
105,105,2019-11-29,Floss Silk Tree-Ceiba speciosa,1.0,2.0,1.0,1.0,1.0,-2.0,-2.0,1.0,0.0,0.0,2019,42
106,106,2020-10-22,Floss Silk Tree-Ceiba speciosa,2.0,2.0,1.0,2.0,2.0,0.0,0.0,0.0,0.0,0.0,2020,38
107,107,2019-11-22,Floss Silk Tree-Ceiba speciosa,1.0,2.0,1.0,2.0,1.0,-2.0,-2.0,0.0,0.0,0.0,2019,41
108,108,2020-02-25,Floss Silk Tree-Ceiba speciosa,1.0,1.0,1.0,0.0,1.0,-2.0,-2.0,1.0,0.0,0.0,2020,7
109,109,2021-03-04,Floss Silk Tree-Ceiba speciosa,0.0,1.0,0.0,0.0,0.0,0.0,0.0,1.0,0.0,0.0,2021,8
110,110,2021-03-16,Floss Silk Tree-Ceiba speciosa,2.0,0.0,0.0,0.0,0.0,0.0,0.0,1.0,0.0,0.0,2021,9
111,111,2022-12-20,Floss Silk Tree-Ceiba speciosa,1.0,1.0,1.0,1.0,1.0,0.0,0.0,1.0,0.0,0.0,2022,45
112,112,2021-01-22,Floss Silk Tree-Ceiba speciosa,1.0,1.0,0.0,1.0,1.0,0.0,0.0,1.0,0.0,0.0,2021,2
113,113,2019-12-02,Floss Silk Tree-Ceiba speciosa,0.0,1.0,1.0,2.0,2.0,-2.0,-2.0,0.0,0.0,0.0,2019,43
114,114,2020-01-29,Floss Silk Tree-Ceiba speciosa,1.0,2.0,1.0,1.0,1.0,-2.0,-2.0,1.0,-1.0,0.0,2020,3
115,115,2021-07-14,Floss Silk Tree-Ceiba speciosa,2.0,2.0,1.0,0.0,0.0,0.0,0.0,0.0,0.0,-1.0,2021,25
116,116,2023-04-28,Frangipani-Plumeria rubra,1.0,2.0,0.0,1.0,2.0,-2.0,-2.0,0.0,0.0,-2.0,2023,15
117,117,2023-12-10,Frangipani-Plumeria rubra,1.0,2.0,0.0,-1.0,1.0,0.0,0.0,0.0,0.0,0.0,2023,44
118,118,2023-12-02,Frangipani-Plumeria rubra,1.0,2.0,0.0,1.0,1.0,-2.0,-2.0,0.0,0.0,-2.0,2023,43
119,119,2022-04-22,Ghost Tree-Sterculia urens,0.0,0.0,0.0,-2.0,1.0,-2.0,-2.0,1.0,2.0,-1.0,2022,14
120,120,2022-04-15,Guava tree-Psidium guajava,2.0,1.0,1.0,2.0,2.0,-2.0,-2.0,2.0,0.0,-2.0,2022,13
121,121,2022-04-24,Guava tree-Psidium guajava,1.0,2.0,1.0,0.0,0.0,-2.0,-2.0,0.0,0.0,-2.0,2022,14
122,122,2023-11-09,Guava tree-Psidium guajava,1.0,2.0,1.0,0.0,0.0,-2.0,-2.0,1.0,0.0,-2.0,2023,40
123,123,2019-06-11,Guava tree-Psidium guajava,1.0,1.0,0.0,-2.0,-2.0,-2.0,-2.0,-2.0,-2.0,-2.0,2019,20
124,124,2015-04-26,Gulmohur-Delonix regia,2.0,0.0,,2.0,1.0,,,1.0,0.0,,2015,14
125,125,2014-09-02,Gulmohur-Delonix regia,0.0,1.0,,0.0,0.0,,,1.0,0.0,,2014,31
126,126,2015-05-24,Gulmohur-Delonix regia,1.0,2.0,,2.0,2.0,,,1.0,0.0,,2015,18
127,127,2015-09-27,Gulmohur-Delonix regia,1.0,2.0,,1.0,2.0,,,1.0,2.0,,2015,34
128,128,2023-11-12,Gulmohur-Delonix regia,2.0,2.0,1.0,0.0,0.0,-2.0,-2.0,0.0,0.0,0.0,2023,40
129,129,2015-08-02,Gulmohur-Delonix regia,1.0,2.0,,2.0,2.0,,,1.0,1.0,,2015,27
130,130,2015-07-19,Gulmohur-Delonix regia,1.0,2.0,,2.0,1.0,,,1.0,1.0,,2015,25
131,131,2023-11-09,Gulmohur-Delonix regia,1.0,2.0,1.0,0.0,0.0,-2.0,-2.0,0.0,0.0,0.0,2023,40
132,132,2015-04-19,Gulmohur-Delonix regia,2.0,0.0,,2.0,0.0,,,2.0,1.0,,2015,14
133,133,2016-07-24,Gulmohur-Delonix regia,1.0,2.0,,1.0,1.0,,,1.0,1.0,,2016,26
134,134,2014-01-26,Gulmohur-Delonix regia,0.0,2.0,,0.0,0.0,,,1.0,0.0,,2014,3
135,135,2023-05-17,Gulmohur-Delonix regia,1.0,2.0,0.0,0.0,0.0,-2.0,-2.0,0.0,0.0,-2.0,2023,17
136,136,2015-05-03,Gulmohur-Delonix regia,2.0,1.0,,2.0,2.0,,,2.0,0.0,,2015,15
137,137,2016-07-31,Gulmohur-Delonix regia,1.0,2.0,,1.0,1.0,,,1.0,1.0,,2016,27
138,138,2015-09-06,Gulmohur-Delonix regia,1.0,2.0,,1.0,1.0,,,1.0,1.0,,2015,32
139,139,2014-02-02,Gulmohur-Delonix regia,0.0,1.0,,0.0,0.0,,,1.0,0.0,,2014,4
140,140,2015-09-13,Gulmohur-Delonix regia,1.0,2.0,,1.0,1.0,,,2.0,2.0,,2015,32
141,141,2015-08-23,Gulmohur-Delonix regia,1.0,2.0,,1.0,1.0,,,2.0,1.0,,2015,30
142,142,2015-08-16,Gulmohur-Delonix regia,2.0,2.0,,1.0,2.0,,,2.0,1.0,,2015,29
143,143,2015-05-10,Gulmohur-Delonix regia,1.0,2.0,,2.0,2.0,,,1.0,0.0,,2015,16
144,144,2015-08-21,Gulmohur-Delonix regia,1.0,1.0,,0.0,0.0,,,0.0,0.0,,2015,30
145,145,2015-08-21,Gulmohur-Delonix regia,1.0,1.0,,0.0,0.0,,,0.0,0.0,,2015,30
146,146,2015-08-30,Gulmohur-Delonix regia,1.0,2.0,,1.0,1.0,,,1.0,1.0,,2015,31
147,147,2016-07-04,Gulmohur-Delonix regia,1.0,2.0,,1.0,1.0,,,1.0,1.0,,2016,23
148,148,2016-06-29,Gulmohur-Delonix regia,1.0,2.0,,0.0,0.0,,,1.0,1.0,,2016,23
149,149,2015-11-01,Gulmohur-Delonix regia,1.0,2.0,,0.0,0.0,,,1.0,2.0,,2015,39
150,150,2014-12-01,Gulmohur-Delonix regia,1.0,2.0,,0.0,0.0,,,1.0,0.0,,2014,43
151,151,2015-07-05,Gulmohur-Delonix regia,1.0,2.0,,1.0,1.0,,,1.0,1.0,,2015,23
152,152,2014-06-22,Gulmohur-Delonix regia,1.0,2.0,,2.0,1.0,,,1.0,1.0,,2014,22
153,153,2015-03-29,Gulmohur-Delonix regia,1.0,0.0,,0.0,0.0,,,2.0,0.0,,2015,11
154,154,2014-06-30,Gulmohur-Delonix regia,1.0,2.0,,1.0,1.0,,,1.0,2.0,,2014,23
155,155,2014-09-03,Gulmohur-Delonix regia,0.0,1.0,,0.0,0.0,,,1.0,0.0,,2014,31
156,156,2014-06-15,Gulmohur-Delonix regia,1.0,2.0,,2.0,1.0,,,1.0,2.0,,2014,21
157,157,2014-04-20,Gulmohur-Delonix regia,2.0,0.0,,0.0,0.0,,,1.0,0.0,,2014,14
158,158,2015-03-22,Gulmohur-Delonix regia,1.0,1.0,,0.0,0.0,,,1.0,0.0,,2015,10
159,159,2014-03-30,Gulmohur-Delonix regia,1.0,1.0,,0.0,0.0,,,1.0,0.0,,2014,11
160,160,2016-06-18,Gulmohur-Delonix regia,1.0,2.0,,1.0,1.0,,,1.0,2.0,,2016,21
161,161,2014-06-04,Gulmohur-Delonix regia,1.0,1.0,,0.0,0.0,,,1.0,0.0,,2014,19
162,162,2014-04-13,Gulmohur-Delonix regia,2.0,1.0,,0.0,0.0,,,1.0,0.0,,2014,13
163,163,2014-05-25,Gulmohur-Delonix regia,2.0,2.0,,2.0,2.0,,,1.0,0.0,,2014,18
164,164,2014-08-06,Gulmohur-Delonix regia,1.0,2.0,,0.0,0.0,,,0.0,0.0,,2014,28
165,165,2014-03-16,Gulmohur-Delonix regia,0.0,1.0,,0.0,0.0,,,1.0,0.0,,2014,9
166,166,2014-01-06,Gulmohur-Delonix regia,1.0,2.0,,2.0,1.0,,,1.0,0.0,,2014,0
167,167,2015-06-28,Gulmohur-Delonix regia,1.0,2.0,,1.0,1.0,,,1.0,1.0,,2015,23
168,168,2014-11-05,Gulmohur-Delonix regia,2.0,1.0,,2.0,2.0,,,1.0,0.0,,2014,39
169,169,2014-04-27,Gulmohur-Delonix regia,2.0,1.0,,2.0,1.0,,,0.0,0.0,,2014,15
170,170,2014-04-05,Gulmohur-Delonix regia,2.0,1.0,,2.0,1.0,,,1.0,0.0,,2014,12
171,171,2014-03-23,Gulmohur-Delonix regia,0.0,1.0,,0.0,0.0,,,1.0,0.0,,2014,10
172,172,2014-05-18,Gulmohur-Delonix regia,1.0,2.0,,2.0,2.0,,,1.0,0.0,,2014,17
173,173,2015-04-06,Gulmohur-Delonix regia,2.0,0.0,,0.0,0.0,,,2.0,1.0,,2015,12
174,174,2016-08-10,Gulmohur-Delonix regia,1.0,2.0,,1.0,1.0,,,1.0,1.0,,2016,28
175,175,2014-05-01,Gulmohur-Delonix regia,1.0,2.0,,0.0,0.0,,,1.0,0.0,,2014,15
176,176,2014-02-16,Gulmohur-Delonix regia,0.0,1.0,,0.0,0.0,,,1.0,0.0,,2014,6
177,177,2015-04-12,Gulmohur-Delonix regia,2.0,0.0,,0.0,0.0,,,2.0,1.0,,2015,13
178,178,2015-10-04,Gulmohur-Delonix regia,1.0,2.0,,1.0,1.0,,,1.0,1.0,,2015,35
179,179,2015-07-12,Gulmohur-Delonix regia,1.0,2.0,,1.0,1.0,,,1.0,1.0,,2015,24
180,180,2014-06-07,Gulmohur-Delonix regia,1.0,2.0,,1.0,1.0,,,2.0,1.0,,2014,20
181,181,2014-02-03,Gulmohur-Delonix regia,0.0,1.0,,0.0,0.0,,,1.0,0.0,,2014,4
182,182,2014-02-23,Gulmohur-Delonix regia,0.0,1.0,,0.0,0.0,,,1.0,0.0,,2014,6
183,183,2014-01-19,Gulmohur-Delonix regia,1.0,1.0,,0.0,0.0,,,1.0,0.0,,2014,2
184,184,2014-07-20,Gulmohur-Delonix regia,1.0,2.0,,0.0,0.0,,,-1.0,2.0,,2014,25
185,185,2014-10-08,Gulmohur-Delonix regia,1.0,2.0,,1.0,1.0,,,2.0,1.0,,2014,36
186,186,2016-07-10,Gulmohur-Delonix regia,2.0,2.0,,1.0,1.0,,,1.0,1.0,,2016,24
187,187,2014-07-27,Gulmohur-Delonix regia,1.0,2.0,,1.0,1.0,,,1.0,2.0,,2014,26
188,188,2021-08-30,Indian Cork Tree-Millingtonia hortensis,2.0,2.0,2.0,2.0,2.0,-2.0,-2.0,-1.0,0.0,0.0,2021,31
189,189,2023-11-09,Indian Mulberry-Morinda pubescens,1.0,2.0,1.0,0.0,0.0,-2.0,-2.0,0.0,0.0,-2.0,2023,40
190,190,2020-03-01,Indian Coral-Erythrina indica,0.0,0.0,0.0,2.0,2.0,-2.0,-2.0,0.0,0.0,0.0,2020,7
191,191,2020-03-01,Indian Coral-Erythrina indica,0.0,0.0,0.0,2.0,2.0,-2.0,-2.0,-2.0,0.0,0.0,2020,7
192,192,2019-09-16,Indian Elm-Holoptelea integrifolia,1.0,2.0,1.0,0.0,0.0,0.0,-2.0,0.0,0.0,-2.0,2019,33
193,193,2019-09-16,Indian Laburnum-Cassia fistula,2.0,2.0,1.0,0.0,0.0,-2.0,-2.0,0.0,2.0,-2.0,2019,33
194,194,2023-11-29,Indian Laburnum-Cassia fistula,0.0,2.0,2.0,0.0,0.0,-2.0,-2.0,-2.0,2.0,-2.0,2023,42
195,195,2023-05-24,Indian Laburnum-Cassia fistula,1.0,1.0,0.0,1.0,2.0,0.0,0.0,0.0,0.0,0.0,2023,18
196,196,2019-07-01,Indian Laburnum-Cassia fistula,1.0,1.0,,2.0,2.0,,,0.0,1.0,,2019,23
197,197,2023-11-12,Indian Laburnum-Cassia fistula,1.0,2.0,2.0,0.0,0.0,-2.0,-2.0,0.0,0.0,-2.0,2023,40
198,198,2023-11-04,Indian Laburnum-Cassia fistula,1.0,2.0,1.0,0.0,0.0,-2.0,-2.0,0.0,0.0,-2.0,2023,39
199,199,2023-11-08,Indian Laburnum-Cassia fistula,0.0,2.0,0.0,0.0,0.0,-2.0,-2.0,1.0,0.0,-2.0,2023,40
200,200,2023-04-28,Indian Laburnum-Cassia fistula,1.0,1.0,1.0,1.0,1.0,0.0,0.0,0.0,0.0,0.0,2023,15
201,201,2023-04-12,Indian Laburnum-Cassia fistula,0.0,2.0,2.0,0.0,0.0,0.0,0.0,0.0,0.0,0.0,2023,13
202,202,2023-04-05,Indian Laburnum-Cassia fistula,0.0,2.0,1.0,0.0,0.0,-2.0,-2.0,0.0,0.0,-2.0,2023,12
203,203,2022-09-02,Indian Laburnum-Cassia fistula,0.0,2.0,0.0,1.0,1.0,-2.0,-2.0,2.0,0.0,-2.0,2022,31
204,204,2017-04-28,Indian Laburnum-Cassia fistula,1.0,0.0,,1.0,1.0,,,0.0,0.0,,2017,15
205,205,2023-04-21,Indian Laburnum-Cassia fistula,1.0,2.0,2.0,0.0,0.0,0.0,0.0,0.0,0.0,0.0,2023,14
206,206,2023-03-28,Indian Laburnum-Cassia fistula,0.0,2.0,2.0,0.0,0.0,0.0,0.0,0.0,0.0,0.0,2023,11
207,207,2023-03-20,Indian Laburnum-Cassia fistula,0.0,2.0,2.0,0.0,0.0,0.0,0.0,0.0,0.0,0.0,2023,10
208,208,2022-02-22,Indian Rosewood-Dalbergia sissoo,0.0,1.0,1.0,0.0,0.0,0.0,0.0,0.0,1.0,1.0,2022,6
209,209,2020-02-25,Indian Rosewood-Dalbergia sissoo,0.0,2.0,2.0,0.0,0.0,-2.0,-2.0,0.0,0.0,2.0,2020,7
210,210,2019-11-28,Indian Rosewood-Dalbergia sissoo,1.0,2.0,2.0,0.0,0.0,-2.0,-2.0,1.0,1.0,-1.0,2019,42
211,211,2020-02-05,Indian Rosewood-Dalbergia sissoo,0.0,2.0,1.0,0.0,0.0,-2.0,-2.0,0.0,0.0,1.0,2020,4
212,212,2019-12-06,Indian Rosewood-Dalbergia sissoo,0.0,2.0,,0.0,0.0,,,0.0,0.0,,2019,43
213,213,2022-05-17,Indian Rosewood-Dalbergia sissoo,1.0,2.0,1.0,0.0,0.0,0.0,0.0,0.0,0.0,0.0,2022,17
214,214,2023-11-12,Jacaranda-Jacaranda mimosifolia,0.0,0.0,0.0,0.0,0.0,-2.0,-2.0,0.0,0.0,0.0,2023,40
215,215,2023-11-08,Jacaranda-Jacaranda mimosifolia,0.0,2.0,1.0,1.0,1.0,-2.0,-2.0,0.0,2.0,2.0,2023,40
216,216,2023-11-08,Jacaranda-Jacaranda mimosifolia,0.0,2.0,1.0,1.0,1.0,-2.0,-2.0,1.0,0.0,0.0,2023,40
217,217,2015-08-21,Jackfruit-Artocarpus heterophyllus,2.0,0.0,,0.0,0.0,,,0.0,0.0,,2015,30
218,218,2022-04-17,Jackfruit-Artocarpus heterophyllus,2.0,1.0,1.0,2.0,-2.0,-1.0,-1.0,2.0,0.0,-2.0,2022,13
219,219,2022-04-13,Jackfruit-Artocarpus heterophyllus,2.0,1.0,1.0,2.0,-2.0,-1.0,-1.0,1.0,0.0,-2.0,2022,13
220,220,2022-04-22,Jackfruit-Artocarpus heterophyllus,2.0,1.0,1.0,2.0,-2.0,-1.0,-1.0,2.0,1.0,-2.0,2022,14
221,221,2015-08-02,Jamun-Syzygium cumini,1.0,2.0,,0.0,1.0,,,2.0,2.0,,2015,27
222,222,2016-05-30,Jamun-Syzygium cumini,1.0,1.0,,1.0,0.0,,,0.0,0.0,,2016,19
223,223,2014-04-27,Jamun-Syzygium cumini,2.0,1.0,,0.0,0.0,,,0.0,0.0,,2014,15
224,224,2014-04-05,Jamun-Syzygium cumini,2.0,1.0,,0.0,0.0,,,0.0,0.0,,2014,12
225,225,2016-07-04,Jamun-Syzygium cumini,2.0,2.0,,1.0,1.0,,,2.0,1.0,,2016,23
226,226,2016-06-06,Jamun-Syzygium cumini,1.0,1.0,,1.0,0.0,,,0.0,0.0,,2016,20
227,227,2015-07-12,Jamun-Syzygium cumini,1.0,2.0,,0.0,0.0,,,0.0,2.0,,2015,24
228,228,2014-11-05,Jamun-Syzygium cumini,2.0,1.0,,0.0,0.0,,,0.0,0.0,,2014,39
229,229,2015-05-24,Jamun-Syzygium cumini,1.0,2.0,,2.0,1.0,,,0.0,0.0,,2015,18
230,230,2014-06-22,Jamun-Syzygium cumini,1.0,2.0,,1.0,2.0,,,-1.0,2.0,,2014,22
231,231,2016-11-06,Jamun-Syzygium cumini,1.0,2.0,,1.0,0.0,,,1.0,0.0,,2016,40
232,232,2016-11-14,Jamun-Syzygium cumini,2.0,2.0,,1.0,1.0,,,2.0,1.0,,2016,41
233,233,2016-11-21,Jamun-Syzygium cumini,1.0,2.0,,1.0,2.0,,,2.0,1.0,,2016,41
234,234,2016-11-28,Jamun-Syzygium cumini,2.0,2.0,,1.0,2.0,,,0.0,1.0,,2016,42
235,235,2016-12-05,Jamun-Syzygium cumini,2.0,1.0,,1.0,1.0,,,1.0,1.0,,2016,43
236,236,2016-12-12,Jamun-Syzygium cumini,2.0,1.0,,0.0,1.0,,,0.0,1.0,,2016,44
237,237,2016-12-19,Jamun-Syzygium cumini,1.0,2.0,,1.0,1.0,,,2.0,1.0,,2016,45
238,238,2016-12-26,Jamun-Syzygium cumini,1.0,2.0,,1.0,2.0,,,1.0,2.0,,2016,46
239,239,2016-10-30,Jamun-Syzygium cumini,2.0,2.0,,2.0,1.0,,,1.0,0.0,,2016,39
240,240,2016-10-23,Jamun-Syzygium cumini,2.0,1.0,,1.0,1.0,,,1.0,0.0,,2016,38
241,241,2016-10-16,Jamun-Syzygium cumini,1.0,2.0,,1.0,0.0,,,1.0,0.0,,2016,37
242,242,2014-06-29,Jamun-Syzygium cumini,1.0,2.0,,1.0,1.0,,,0.0,2.0,,2014,23
243,243,2014-05-18,Jamun-Syzygium cumini,2.0,1.0,,2.0,0.0,,,0.0,0.0,,2014,17
244,244,2016-07-31,Jamun-Syzygium cumini,1.0,2.0,,0.0,1.0,,,1.0,2.0,,2016,27
245,245,2014-08-06,Jamun-Syzygium cumini,1.0,2.0,,2.0,1.0,,,1.0,1.0,,2014,28
246,246,2014-01-06,Jamun-Syzygium cumini,1.0,2.0,,2.0,2.0,,,0.0,0.0,,2014,0
247,247,2016-07-10,Jamun-Syzygium cumini,2.0,2.0,,0.0,0.0,,,2.0,1.0,,2016,24
248,248,2015-07-06,Jamun-Syzygium cumini,1.0,2.0,,0.0,0.0,,,0.0,2.0,,2015,24
249,249,2014-07-20,Jamun-Syzygium cumini,1.0,2.0,,0.0,0.0,,,1.0,2.0,,2014,25
250,250,2015-11-01,Jamun-Syzygium cumini,2.0,2.0,,0.0,0.0,,,0.0,0.0,,2015,39
251,251,2014-07-27,Jamun-Syzygium cumini,1.0,2.0,,0.0,0.0,,,2.0,2.0,,2014,26
252,252,2015-07-19,Jamun-Syzygium cumini,1.0,2.0,,1.0,1.0,,,2.0,2.0,,2015,25
253,253,2023-05-17,Jamun-Syzygium cumini,0.0,2.0,0.0,0.0,0.0,-2.0,-2.0,2.0,0.0,-2.0,2023,17
254,254,2023-05-17,Jamun-Syzygium cumini,0.0,2.0,0.0,0.0,0.0,-2.0,-2.0,0.0,1.0,-2.0,2023,17
255,255,2015-06-28,Jamun-Syzygium cumini,1.0,2.0,,1.0,2.0,,,0.0,1.0,,2015,23
256,256,2016-05-16,Jamun-Syzygium cumini,1.0,2.0,,1.0,0.0,,,0.0,0.0,,2016,17
257,257,2016-05-23,Jamun-Syzygium cumini,1.0,2.0,,1.0,0.0,,,0.0,0.0,,2016,18
258,258,2014-06-07,Jamun-Syzygium cumini,1.0,2.0,,0.0,0.0,,,0.0,2.0,,2014,20
259,259,2016-06-29,Jamun-Syzygium cumini,2.0,2.0,,1.0,1.0,,,2.0,0.0,,2016,23
260,260,2014-06-15,Jamun-Syzygium cumini,1.0,2.0,,1.0,1.0,,,0.0,2.0,,2014,21
261,261,2014-05-25,Jamun-Syzygium cumini,1.0,2.0,,2.0,2.0,,,0.0,0.0,,2014,18
262,262,2016-06-18,Jamun-Syzygium cumini,2.0,2.0,,1.0,1.0,,,2.0,0.0,,2016,21
263,263,2014-10-08,Jamun-Syzygium cumini,1.0,2.0,,0.0,0.0,,,2.0,1.0,,2014,36
264,264,2016-07-04,Jamun-Syzygium cumini,2.0,2.0,,0.0,0.0,,,2.0,0.0,,2016,23
265,265,2016-06-13,Jamun-Syzygium cumini,1.0,2.0,,2.0,1.0,,,1.0,0.0,,2016,21
266,266,2016-06-20,Jamun-Syzygium cumini,1.0,2.0,,0.0,1.0,,,1.0,0.0,,2016,22
267,267,2016-06-27,Jamun-Syzygium cumini,2.0,2.0,,2.0,0.0,,,1.0,0.0,,2016,23
268,268,2016-07-24,Jamun-Syzygium cumini,1.0,2.0,,0.0,0.0,,,2.0,2.0,,2016,26
269,269,2014-01-19,Jamun-Syzygium cumini,2.0,2.0,,0.0,0.0,,,0.0,0.0,,2014,2
270,270,2015-09-13,Jamun-Syzygium cumini,2.0,2.0,,0.0,0.0,,,0.0,0.0,,2015,32
271,271,2014-05-01,Jamun-Syzygium cumini,1.0,2.0,,0.0,0.0,,,0.0,0.0,,2014,15
272,272,2023-04-02,Jamun-Syzygium cumini,2.0,2.0,1.0,1.0,0.0,-2.0,-2.0,0.0,0.0,-2.0,2023,11
273,273,2014-12-01,Jamun-Syzygium cumini,1.0,2.0,,0.0,0.0,,,0.0,0.0,,2014,43
274,274,2023-04-11,Jamun-Syzygium cumini,2.0,1.0,1.0,2.0,0.0,-2.0,-2.0,0.0,0.0,-2.0,2023,13
275,275,2014-09-02,Jamun-Syzygium cumini,1.0,2.0,,0.0,0.0,,,0.0,0.0,,2014,31
276,276,2016-01-04,Jamun-Syzygium cumini,1.0,2.0,,1.0,0.0,,,0.0,0.0,,2016,0
277,277,2017-04-20,Jamun-Syzygium cumini,2.0,2.0,,2.0,2.0,,,0.0,0.0,,2017,14
278,278,2015-11-16,Jamun-Syzygium cumini,1.0,2.0,,0.0,0.0,,,0.0,0.0,,2015,41
279,279,2015-11-23,Jamun-Syzygium cumini,1.0,2.0,,0.0,0.0,,,0.0,0.0,,2015,42
280,280,2014-01-26,Jamun-Syzygium cumini,2.0,2.0,,0.0,0.0,,,0.0,0.0,,2014,3
281,281,2014-02-02,Jamun-Syzygium cumini,1.0,2.0,,0.0,0.0,,,0.0,0.0,,2014,4
282,282,2016-08-08,Jamun-Syzygium cumini,2.0,2.0,,1.0,2.0,,,1.0,1.0,,2016,28
283,283,2016-08-15,Jamun-Syzygium cumini,1.0,1.0,,1.0,1.0,,,1.0,2.0,,2016,29
284,284,2016-08-22,Jamun-Syzygium cumini,2.0,2.0,,1.0,2.0,,,1.0,2.0,,2016,30
285,285,2016-08-29,Jamun-Syzygium cumini,1.0,2.0,,1.0,2.0,,,2.0,2.0,,2016,31
286,286,2016-09-05,Jamun-Syzygium cumini,2.0,1.0,,2.0,2.0,,,1.0,2.0,,2016,32
287,287,2016-09-12,Jamun-Syzygium cumini,1.0,2.0,,1.0,1.0,,,1.0,0.0,,2016,32
288,288,2016-08-01,Jamun-Syzygium cumini,2.0,1.0,,2.0,1.0,,,1.0,1.0,,2016,27
289,289,2016-07-18,Jamun-Syzygium cumini,2.0,2.0,,2.0,2.0,,,1.0,1.0,,2016,25
290,290,2016-07-25,Jamun-Syzygium cumini,2.0,2.0,,1.0,2.0,,,1.0,1.0,,2016,26
291,291,2016-07-11,Jamun-Syzygium cumini,1.0,2.0,,1.0,1.0,,,1.0,2.0,,2016,24
292,292,2016-09-19,Jamun-Syzygium cumini,0.0,2.0,,0.0,1.0,,,0.0,0.0,,2016,33
293,293,2016-09-26,Jamun-Syzygium cumini,0.0,2.0,,0.0,0.0,,,0.0,0.0,,2016,34
294,294,2016-10-03,Jamun-Syzygium cumini,0.0,2.0,,0.0,0.0,,,0.0,0.0,,2016,35
295,295,2016-02-08,Jamun-Syzygium cumini,1.0,1.0,,1.0,0.0,,,0.0,0.0,,2016,5
296,296,2016-02-15,Jamun-Syzygium cumini,2.0,1.0,,0.0,0.0,,,0.0,0.0,,2016,5
297,297,2020-03-30,Jamun-Syzygium cumini,2.0,1.0,1.0,0.0,0.0,-2.0,-2.0,0.0,0.0,-2.0,2020,11
298,298,2015-12-14,Jamun-Syzygium cumini,0.0,2.0,,0.0,0.0,,,0.0,0.0,,2015,44
299,299,2015-10-04,Jamun-Syzygium cumini,2.0,2.0,,0.0,0.0,,,0.0,0.0,,2015,35
300,300,2016-02-01,Jamun-Syzygium cumini,0.0,2.0,,0.0,0.0,,,0.0,0.0,,2016,4
301,301,2015-12-07,Jamun-Syzygium cumini,1.0,2.0,,0.0,0.0,,,0.0,0.0,,2015,43
302,302,2015-09-27,Jamun-Syzygium cumini,2.0,2.0,,0.0,0.0,,,0.0,0.0,,2015,34
303,303,2020-03-26,Jamun-Syzygium cumini,2.0,1.0,2.0,0.0,0.0,-2.0,-2.0,0.0,0.0,-2.0,2020,11
304,304,2015-11-30,Jamun-Syzygium cumini,1.0,2.0,,0.0,0.0,,,0.0,0.0,,2015,43
305,305,2016-01-11,Jamun-Syzygium cumini,1.0,2.0,,0.0,0.0,,,0.0,0.0,,2016,1
306,306,2016-01-18,Jamun-Syzygium cumini,1.0,1.0,,0.0,0.0,,,0.0,0.0,,2016,2
307,307,2016-01-25,Jamun-Syzygium cumini,1.0,2.0,,0.0,0.0,,,0.0,0.0,,2016,3
308,308,2016-04-18,Jamun-Syzygium cumini,2.0,1.0,,1.0,0.0,,,0.0,0.0,,2016,14
309,309,2016-04-25,Jamun-Syzygium cumini,2.0,1.0,,1.0,0.0,,,0.0,0.0,,2016,14
310,310,2014-02-03,Jamun-Syzygium cumini,2.0,2.0,,0.0,0.0,,,0.0,0.0,,2014,4
311,311,2015-12-28,Jamun-Syzygium cumini,1.0,2.0,,0.0,0.0,,,0.0,0.0,,2015,46
312,312,2015-12-21,Jamun-Syzygium cumini,1.0,2.0,,0.0,0.0,,,0.0,0.0,,2015,45
313,313,2015-04-19,Jamun-Syzygium cumini,2.0,2.0,,0.0,0.0,,,0.0,0.0,,2015,14
314,314,2014-09-03,Jamun-Syzygium cumini,2.0,2.0,,0.0,0.0,,,0.0,0.0,,2014,31
315,315,2015-04-12,Jamun-Syzygium cumini,2.0,2.0,,0.0,0.0,,,0.0,0.0,,2015,13
316,316,2015-08-23,Jamun-Syzygium cumini,1.0,2.0,,0.0,0.0,,,1.0,0.0,,2015,30
317,317,2014-02-23,Jamun-Syzygium cumini,1.0,2.0,,0.0,0.0,,,0.0,0.0,,2014,6
318,318,2015-08-16,Jamun-Syzygium cumini,1.0,2.0,,0.0,0.0,,,2.0,1.0,,2015,29
319,319,2014-04-13,Jamun-Syzygium cumini,2.0,1.0,,0.0,0.0,,,0.0,0.0,,2014,13
320,320,2014-06-04,Jamun-Syzygium cumini,2.0,1.0,,0.0,0.0,,,0.0,0.0,,2014,19
321,321,2015-05-10,Jamun-Syzygium cumini,1.0,2.0,,2.0,0.0,,,0.0,0.0,,2015,16
322,322,2014-03-30,Jamun-Syzygium cumini,2.0,1.0,,0.0,0.0,,,0.0,0.0,,2014,11
323,323,2015-05-03,Jamun-Syzygium cumini,2.0,2.0,,2.0,0.0,,,0.0,0.0,,2015,15
324,324,2016-08-10,Jamun-Syzygium cumini,1.0,2.0,,0.0,0.0,,,1.0,1.0,,2016,28
325,325,2015-11-09,Jamun-Syzygium cumini,1.0,2.0,,0.0,0.0,,,0.0,0.0,,2015,40
326,326,2014-04-20,Jamun-Syzygium cumini,2.0,1.0,,0.0,0.0,,,0.0,0.0,,2014,14
327,327,2016-05-09,Jamun-Syzygium cumini,2.0,0.0,,1.0,0.0,,,0.0,0.0,,2016,16
328,328,2016-05-02,Jamun-Syzygium cumini,2.0,1.0,,1.0,0.0,,,0.0,0.0,,2016,15
329,329,2014-03-16,Jamun-Syzygium cumini,2.0,2.0,,0.0,0.0,,,0.0,0.0,,2014,9
330,330,2015-04-26,Jamun-Syzygium cumini,2.0,2.0,,2.0,0.0,,,0.0,0.0,,2015,14
331,331,2014-03-23,Jamun-Syzygium cumini,2.0,1.0,,0.0,0.0,,,0.0,0.0,,2014,10
332,332,2015-08-30,Jamun-Syzygium cumini,1.0,2.0,,0.0,0.0,,,0.0,0.0,,2015,31
333,333,2015-09-06,Jamun-Syzygium cumini,1.0,2.0,,0.0,0.0,,,0.0,0.0,,2015,32
334,334,2015-03-29,Jamun-Syzygium cumini,2.0,2.0,,0.0,0.0,,,0.0,0.0,,2015,11
335,335,2023-11-09,Jamun-Syzygium cumini,1.0,2.0,1.0,0.0,0.0,-2.0,-2.0,0.0,0.0,-2.0,2023,40
336,336,2015-03-22,Jamun-Syzygium cumini,2.0,2.0,,0.0,0.0,,,0.0,0.0,,2015,10
337,337,2016-03-28,Jamun-Syzygium cumini,1.0,2.0,,1.0,0.0,,,0.0,0.0,,2016,11
338,338,2016-04-04,Jamun-Syzygium cumini,1.0,2.0,,1.0,0.0,,,0.0,0.0,,2016,12
339,339,2014-02-16,Jamun-Syzygium cumini,1.0,2.0,,0.0,0.0,,,0.0,0.0,,2014,6
340,340,2015-04-05,Jamun-Syzygium cumini,2.0,2.0,,0.0,0.0,,,0.0,0.0,,2015,12
341,341,2016-03-21,Jamun-Syzygium cumini,1.0,2.0,,1.0,0.0,,,0.0,0.0,,2016,10
342,342,2016-03-14,Jamun-Syzygium cumini,2.0,2.0,,0.0,0.0,,,0.0,0.0,,2016,9
343,343,2016-02-22,Jamun-Syzygium cumini,1.0,2.0,,0.0,0.0,,,0.0,0.0,,2016,6
344,344,2016-02-29,Jamun-Syzygium cumini,2.0,1.0,,0.0,0.0,,,0.0,0.0,,2016,7
345,345,2016-03-07,Jamun-Syzygium cumini,0.0,2.0,,0.0,0.0,,,0.0,0.0,,2016,8
346,346,2016-04-11,Jamun-Syzygium cumini,1.0,2.0,,1.0,0.0,,,0.0,0.0,,2016,13
347,347,2023-11-04,Jamun-Syzygium cumini,1.0,2.0,1.0,0.0,0.0,-2.0,-2.0,0.0,0.0,-2.0,2023,39
348,348,2019-03-15,Jamun-Syzygium cumini,2.0,2.0,0.0,0.0,0.0,-2.0,-2.0,0.0,0.0,-2.0,2019,9
349,349,2019-09-14,Khajur-Phoenix sylvestris,1.0,2.0,1.0,0.0,0.0,-2.0,-2.0,0.0,0.0,-2.0,2019,33
350,350,2022-06-18,Mango (all varieties)-Mangifera indica,0.0,1.0,1.0,1.0,1.0,-2.0,-2.0,1.0,1.0,-2.0,2022,21
351,351,2022-08-27,Mango (all varieties)-Mangifera indica,1.0,2.0,0.0,1.0,0.0,-2.0,-2.0,0.0,1.0,-2.0,2022,30
352,352,2021-11-20,Mango (all varieties)-Mangifera indica,0.0,1.0,1.0,1.0,1.0,-2.0,-2.0,1.0,1.0,-2.0,2021,41
353,353,2022-11-26,Mango (all varieties)-Mangifera indica,1.0,2.0,1.0,1.0,1.0,-2.0,-2.0,1.0,0.0,-2.0,2022,42
354,354,2020-11-20,Mango (all varieties)-Mangifera indica,0.0,0.0,0.0,0.0,0.0,0.0,0.0,0.0,0.0,0.0,2020,41
355,355,2022-08-13,Mango (all varieties)-Mangifera indica,1.0,2.0,0.0,1.0,0.0,-2.0,-2.0,1.0,0.0,-2.0,2022,28
356,356,2021-04-11,Mango (all varieties)-Mangifera indica,1.0,2.0,1.0,1.0,0.0,0.0,0.0,1.0,0.0,0.0,2021,13
357,357,2021-07-05,Mango (all varieties)-Mangifera indica,2.0,2.0,2.0,1.0,1.0,0.0,0.0,2.0,2.0,0.0,2021,23
358,358,2022-06-11,Mango (all varieties)-Mangifera indica,1.0,1.0,1.0,0.0,0.0,-2.0,-2.0,1.0,1.0,-2.0,2022,20
359,359,2022-07-16,Mango (all varieties)-Mangifera indica,1.0,2.0,0.0,0.0,0.0,-2.0,-2.0,1.0,1.0,-2.0,2022,25
360,360,2022-07-30,Mango (all varieties)-Mangifera indica,1.0,2.0,1.0,1.0,0.0,-2.0,-2.0,1.0,0.0,-2.0,2022,27
361,361,2021-07-30,Mango (all varieties)-Mangifera indica,0.0,1.0,1.0,2.0,0.0,0.0,0.0,1.0,1.0,0.0,2021,27
362,362,2023-03-11,Mango (all varieties)-Mangifera indica,1.0,2.0,1.0,1.0,1.0,-2.0,-2.0,0.0,0.0,-2.0,2023,9
363,363,2022-07-23,Mango (all varieties)-Mangifera indica,1.0,2.0,1.0,1.0,0.0,-2.0,-2.0,0.0,1.0,-2.0,2022,26
364,364,2022-12-03,Mango (all varieties)-Mangifera indica,1.0,2.0,1.0,0.0,0.0,-2.0,-2.0,0.0,0.0,-2.0,2022,43
365,365,2022-12-31,Mango (all varieties)-Mangifera indica,1.0,2.0,1.0,1.0,1.0,-2.0,-2.0,1.0,0.0,-2.0,2022,47
366,366,2022-06-26,Mango (all varieties)-Mangifera indica,0.0,1.0,1.0,0.0,0.0,-2.0,-2.0,1.0,1.0,-2.0,2022,22
367,367,2021-09-04,Mango (all varieties)-Mangifera indica,1.0,2.0,2.0,1.0,0.0,0.0,0.0,1.0,1.0,0.0,2021,31
368,368,2023-03-04,Mango (all varieties)-Mangifera indica,1.0,2.0,1.0,1.0,1.0,-2.0,-2.0,0.0,0.0,-2.0,2023,8
369,369,2022-07-09,Mango (all varieties)-Mangifera indica,1.0,1.0,2.0,0.0,0.0,-2.0,-2.0,0.0,0.0,-2.0,2022,24
370,370,2022-09-24,Mango (all varieties)-Mangifera indica,1.0,2.0,1.0,0.0,0.0,-2.0,-2.0,1.0,0.0,-2.0,2022,34
371,371,2022-04-16,Mango (all varieties)-Mangifera indica,2.0,1.0,0.0,1.0,0.0,-2.0,-2.0,0.0,0.0,-2.0,2022,13
372,372,2021-01-20,Mango (all varieties)-Mangifera indica,1.0,1.0,1.0,1.0,1.0,0.0,0.0,1.0,1.0,0.0,2021,2
373,373,2022-02-26,Mango (all varieties)-Mangifera indica,1.0,2.0,2.0,1.0,1.0,-2.0,-2.0,1.0,1.0,-2.0,2022,7
374,374,2023-01-28,Mango (all varieties)-Mangifera indica,1.0,2.0,1.0,1.0,1.0,-2.0,-2.0,0.0,0.0,-2.0,2023,3
375,375,2022-03-26,Mango (all varieties)-Mangifera indica,1.0,1.0,0.0,1.0,2.0,-2.0,-2.0,1.0,1.0,-2.0,2022,10
376,376,2023-01-14,Mango (all varieties)-Mangifera indica,1.0,2.0,1.0,1.0,1.0,-2.0,-2.0,0.0,0.0,-2.0,2023,1
377,377,2022-10-15,Mango (all varieties)-Mangifera indica,1.0,2.0,1.0,0.0,0.0,-2.0,-2.0,1.0,0.0,-2.0,2022,37
378,378,2022-03-12,Mango (all varieties)-Mangifera indica,1.0,1.0,1.0,1.0,1.0,-2.0,-2.0,1.0,1.0,-2.0,2022,9
379,379,2022-10-08,Mango (all varieties)-Mangifera indica,1.0,2.0,1.0,0.0,0.0,-2.0,-2.0,1.0,0.0,-2.0,2022,36
380,380,2022-10-22,Mango (all varieties)-Mangifera indica,1.0,2.0,1.0,1.0,0.0,0.0,0.0,1.0,0.0,0.0,2022,37
381,381,2022-10-01,Mango (all varieties)-Mangifera indica,1.0,2.0,1.0,0.0,0.0,-2.0,-2.0,1.0,0.0,-2.0,2022,35
382,382,2022-04-09,Mango (all varieties)-Mangifera indica,1.0,1.0,1.0,1.0,1.0,-2.0,-2.0,1.0,1.0,-2.0,2022,12
383,383,2023-02-11,Mango (all varieties)-Mangifera indica,1.0,2.0,1.0,1.0,1.0,-2.0,-2.0,0.0,1.0,-2.0,2023,5
384,384,2022-09-10,Mango (all varieties)-Mangifera indica,1.0,2.0,0.0,1.0,0.0,-2.0,-2.0,1.0,0.0,-2.0,2022,32
385,385,2022-01-15,Mango (all varieties)-Mangifera indica,0.0,1.0,2.0,0.0,2.0,-2.0,-2.0,1.0,1.0,-2.0,2022,1
386,386,2021-03-16,Mango (all varieties)-Mangifera indica,2.0,2.0,2.0,1.0,1.0,0.0,0.0,1.0,1.0,0.0,2021,9
387,387,2022-09-03,Mango (all varieties)-Mangifera indica,1.0,2.0,0.0,1.0,0.0,-2.0,-2.0,0.0,1.0,-2.0,2022,31
388,388,2020-12-17,Mango (all varieties)-Mangifera indica,0.0,0.0,0.0,0.0,0.0,0.0,0.0,0.0,0.0,0.0,2020,45
389,389,2022-05-14,Mango (all varieties)-Mangifera indica,2.0,2.0,0.0,0.0,0.0,-2.0,-2.0,1.0,0.0,-2.0,2022,17
390,390,2022-02-12,Mango (all varieties)-Mangifera indica,1.0,1.0,0.0,1.0,1.0,-2.0,-2.0,1.0,1.0,-2.0,2022,5
391,391,2022-09-17,Mango (all varieties)-Mangifera indica,1.0,2.0,1.0,1.0,1.0,-2.0,-2.0,0.0,0.0,-2.0,2022,33
392,392,2022-11-12,Mango (all varieties)-Mangifera indica,1.0,2.0,1.0,0.0,0.0,-2.0,-2.0,1.0,0.0,-2.0,2022,40
393,393,2021-02-17,Mango (all varieties)-Mangifera indica,2.0,2.0,2.0,2.0,2.0,0.0,0.0,1.0,1.0,0.0,2021,6
394,394,2022-02-05,Mango (all varieties)-Mangifera indica,1.0,1.0,1.0,1.0,1.0,-2.0,-2.0,1.0,1.0,-2.0,2022,4
395,395,2022-11-05,Mango (all varieties)-Mangifera indica,1.0,2.0,1.0,0.0,0.0,-2.0,-2.0,1.0,0.0,-2.0,2022,39
396,396,2023-07-15,Mango (all varieties)-Mangifera indica,1.0,2.0,1.0,1.0,0.0,-2.0,-2.0,0.0,0.0,-2.0,2023,25
397,397,2023-06-17,Mango (all varieties)-Mangifera indica,1.0,2.0,1.0,1.0,1.0,-2.0,-2.0,0.0,1.0,-2.0,2023,21
398,398,2023-07-01,Mango (all varieties)-Mangifera indica,2.0,2.0,1.0,1.0,0.0,-2.0,-2.0,1.0,0.0,-2.0,2023,23
399,399,2023-06-03,Mango (all varieties)-Mangifera indica,1.0,2.0,1.0,1.0,1.0,0.0,0.0,0.0,1.0,0.0,2023,19
400,400,2018-07-05,Mango (all varieties)-Mangifera indica,1.0,2.0,,0.0,0.0,,,0.0,0.0,,2018,23
401,401,2014-04-07,Mango (all varieties)-Mangifera indica,2.0,1.0,,0.0,0.0,,,1.0,1.0,,2014,12
402,402,2023-07-08,Mango (all varieties)-Mangifera indica,1.0,2.0,1.0,1.0,0.0,-2.0,-2.0,1.0,0.0,-2.0,2023,24
403,403,2019-06-12,Mango (all varieties)-Mangifera indica,2.0,2.0,1.0,-1.0,-1.0,-2.0,-2.0,2.0,1.0,-2.0,2019,20
404,404,2023-10-14,Mango (all varieties)-Mangifera indica,1.0,2.0,1.0,0.0,0.0,-2.0,-2.0,1.0,1.0,-2.0,2023,36
405,405,2023-11-04,Mango (all varieties)-Mangifera indica,0.0,2.0,1.0,0.0,0.0,-2.0,-2.0,0.0,0.0,-2.0,2023,39
406,406,2023-10-08,Mango (all varieties)-Mangifera indica,1.0,2.0,1.0,0.0,0.0,-2.0,-2.0,1.0,0.0,-2.0,2023,36
407,407,2023-08-19,Mango (all varieties)-Mangifera indica,1.0,2.0,1.0,1.0,1.0,-2.0,-2.0,0.0,1.0,-2.0,2023,29
408,408,2023-08-12,Mango (all varieties)-Mangifera indica,1.0,2.0,1.0,0.0,0.0,-2.0,-2.0,1.0,0.0,-2.0,2023,28
409,409,2023-08-05,Mango (all varieties)-Mangifera indica,1.0,2.0,1.0,0.0,0.0,-2.0,-2.0,0.0,0.0,-2.0,2023,27
410,410,2023-11-18,Mango (all varieties)-Mangifera indica,1.0,2.0,1.0,1.0,1.0,-2.0,-2.0,0.0,1.0,-2.0,2023,41
411,411,2023-09-09,Mango (all varieties)-Mangifera indica,1.0,2.0,1.0,0.0,0.0,-2.0,-2.0,1.0,1.0,-2.0,2023,32
412,412,2023-09-16,Mango (all varieties)-Mangifera indica,1.0,2.0,1.0,1.0,1.0,-2.0,-2.0,0.0,1.0,-2.0,2023,33
413,413,2023-08-26,Mango (all varieties)-Mangifera indica,1.0,2.0,1.0,0.0,0.0,-2.0,-2.0,1.0,0.0,-2.0,2023,30
414,414,2023-09-02,Mango (all varieties)-Mangifera indica,1.0,2.0,1.0,0.0,0.0,-2.0,-2.0,1.0,1.0,-2.0,2023,31
415,415,2023-04-22,Mango (all varieties)-Mangifera indica,1.0,2.0,1.0,1.0,0.0,-2.0,-2.0,0.0,0.0,-2.0,2023,14
416,416,2014-01-23,Mango (all varieties)-Mangifera indica,0.0,0.0,,0.0,0.0,,,0.0,0.0,,2014,2
417,417,2015-08-21,Mango (all varieties)-Mangifera indica,1.0,2.0,,0.0,0.0,,,0.0,0.0,,2015,30
418,418,2023-04-15,Mango (all varieties)-Mangifera indica,1.0,2.0,1.0,1.0,1.0,-2.0,-2.0,0.0,1.0,-2.0,2023,13
419,419,2023-12-23,Mango (all varieties)-Mangifera indica,1.0,2.0,1.0,1.0,1.0,-2.0,-2.0,0.0,0.0,-2.0,2023,45
420,420,2023-04-29,Mango (all varieties)-Mangifera indica,1.0,2.0,1.0,1.0,1.0,-2.0,-2.0,0.0,0.0,-2.0,2023,15
421,421,2023-03-25,Mango (all varieties)-Mangifera indica,1.0,2.0,2.0,1.0,0.0,-2.0,-2.0,0.0,0.0,-2.0,2023,10
422,422,2023-04-08,Mango (all varieties)-Mangifera indica,1.0,2.0,1.0,0.0,0.0,-2.0,-2.0,0.0,0.0,-2.0,2023,12
423,423,2023-04-01,Mango (all varieties)-Mangifera indica,1.0,2.0,1.0,1.0,1.0,-2.0,-2.0,0.0,0.0,-2.0,2023,11
424,424,2023-12-16,Mango (all varieties)-Mangifera indica,1.0,2.0,1.0,0.0,0.0,-2.0,-2.0,0.0,0.0,-2.0,2023,45
425,425,2023-12-09,Mango (all varieties)-Mangifera indica,1.0,2.0,1.0,0.0,0.0,-2.0,-2.0,0.0,0.0,-2.0,2023,44
426,426,2023-05-27,Mango (all varieties)-Mangifera indica,1.0,2.0,1.0,1.0,0.0,-2.0,-2.0,0.0,0.0,-2.0,2023,18
427,427,2023-05-20,Mango (all varieties)-Mangifera indica,1.0,2.0,1.0,1.0,1.0,-2.0,-2.0,0.0,0.0,-2.0,2023,18
428,428,2023-05-13,Mango (all varieties)-Mangifera indica,1.0,2.0,1.0,1.0,0.0,-2.0,-2.0,1.0,0.0,-2.0,2023,17
429,429,2023-12-10,Mast Tree-Monoon longifolium,2.0,2.0,0.0,-2.0,-1.0,0.0,0.0,-1.0,-1.0,0.0,2023,44
430,430,2023-12-02,Mast Tree-Monoon longifolium,1.0,2.0,1.0,-2.0,-1.0,-2.0,-2.0,-1.0,-1.0,-2.0,2023,43
431,431,2023-12-02,Mast Tree-Monoon longifolium,0.0,2.0,1.0,-2.0,-1.0,-2.0,-2.0,0.0,0.0,-2.0,2023,43
432,432,2023-12-15,Mast Tree-Monoon longifolium,2.0,2.0,0.0,-2.0,-1.0,0.0,0.0,-1.0,-1.0,0.0,2023,44
433,433,2023-12-02,Mast Tree-Monoon longifolium,0.0,2.0,1.0,-2.0,0.0,-2.0,-2.0,0.0,0.0,-2.0,2023,43
434,434,2023-12-02,Mast Tree-Monoon longifolium,1.0,2.0,1.0,-2.0,0.0,-2.0,-2.0,0.0,0.0,-2.0,2023,43
435,435,2023-12-02,Mast Tree-Monoon longifolium,0.0,2.0,1.0,-2.0,0.0,-2.0,-2.0,0.0,0.0,-2.0,2023,43
436,436,2023-12-02,Mast Tree-Monoon longifolium,1.0,2.0,1.0,-2.0,-1.0,-2.0,-2.0,2.0,2.0,-2.0,2023,43
437,437,2023-12-02,Mast Tree-Monoon longifolium,1.0,2.0,1.0,-2.0,1.0,-2.0,-2.0,2.0,2.0,-2.0,2023,43
438,438,2023-12-02,Mast Tree-Monoon longifolium,1.0,2.0,1.0,-2.0,0.0,-2.0,-2.0,2.0,2.0,-2.0,2023,43
439,439,2023-12-02,Mast Tree-Monoon longifolium,-2.0,-2.0,-2.0,-2.0,1.0,-2.0,-2.0,0.0,-1.0,-2.0,2023,43
440,440,2023-05-17,Mast Tree-Monoon longifolium,2.0,1.0,0.0,-2.0,0.0,-2.0,-2.0,0.0,0.0,-2.0,2023,17
441,441,2023-05-17,Mast Tree-Monoon longifolium,2.0,1.0,0.0,-2.0,0.0,-2.0,-2.0,0.0,0.0,-2.0,2023,17
442,442,2023-12-02,Mast Tree-Monoon longifolium,2.0,2.0,0.0,-2.0,0.0,-2.0,-2.0,0.0,0.0,-2.0,2023,43
443,443,2023-12-02,Mast Tree-Monoon longifolium,1.0,2.0,1.0,-2.0,-1.0,-2.0,-2.0,0.0,0.0,-2.0,2023,43
444,444,2023-12-02,Mast Tree-Monoon longifolium,1.0,2.0,1.0,-2.0,0.0,-2.0,-2.0,0.0,0.0,-2.0,2023,43
445,445,2023-12-02,Mast Tree-Monoon longifolium,2.0,2.0,0.0,-2.0,0.0,-2.0,-2.0,0.0,0.0,-2.0,2023,43
446,446,2023-12-02,Mast Tree-Monoon longifolium,1.0,2.0,1.0,-2.0,0.0,-2.0,-2.0,0.0,0.0,-2.0,2023,43
447,447,2023-12-02,Mast Tree-Monoon longifolium,0.0,2.0,1.0,-2.0,0.0,-2.0,-2.0,0.0,0.0,-2.0,2023,43
448,448,2023-12-02,Mast Tree-Monoon longifolium,1.0,2.0,1.0,-2.0,0.0,-2.0,-2.0,-1.0,-1.0,-2.0,2023,43
449,449,2023-05-17,Mast Tree-Monoon longifolium,2.0,1.0,0.0,-2.0,0.0,-2.0,-2.0,0.0,0.0,-2.0,2023,17
450,450,2023-12-02,Mast Tree-Monoon longifolium,1.0,2.0,1.0,-2.0,0.0,-2.0,-2.0,-1.0,-1.0,-2.0,2023,43
451,451,2023-12-02,Mast Tree-Monoon longifolium,0.0,2.0,1.0,-2.0,-1.0,-2.0,-2.0,2.0,2.0,-2.0,2023,43
452,452,2023-12-02,Mast Tree-Monoon longifolium,1.0,2.0,1.0,-2.0,0.0,-2.0,-2.0,0.0,0.0,-2.0,2023,43
453,453,2023-12-02,Mast Tree-Monoon longifolium,1.0,2.0,1.0,-2.0,0.0,-2.0,-2.0,0.0,0.0,-2.0,2023,43
454,454,2023-12-02,Mast Tree-Monoon longifolium,2.0,2.0,0.0,-2.0,-1.0,0.0,0.0,-1.0,-1.0,0.0,2023,43
455,455,2023-11-30,Maulsari-Mimusops elengi,1.0,2.0,1.0,1.0,2.0,-2.0,-2.0,-1.0,-1.0,-2.0,2023,43
456,456,2023-11-29,Maulsari-Mimusops elengi,1.0,2.0,1.0,1.0,1.0,-2.0,-2.0,2.0,2.0,-2.0,2023,42
457,457,2022-08-24,Neem-Azadirachta indica,1.0,1.0,1.0,-2.0,-2.0,-2.0,-2.0,0.0,0.0,-2.0,2022,30
458,458,2022-09-02,Neem-Azadirachta indica,2.0,2.0,0.0,0.0,0.0,-2.0,-2.0,0.0,0.0,-2.0,2022,31
459,459,2022-09-02,Neem-Azadirachta indica,2.0,2.0,0.0,0.0,0.0,-2.0,-2.0,0.0,0.0,-2.0,2022,31
460,460,2022-09-02,Neem-Azadirachta indica,2.0,2.0,1.0,0.0,0.0,-2.0,-2.0,0.0,0.0,-2.0,2022,31
461,461,2023-11-04,Neem-Azadirachta indica,1.0,2.0,1.0,0.0,0.0,-2.0,-2.0,0.0,0.0,-2.0,2023,39
462,462,2023-08-17,Neem-Azadirachta indica,1.0,1.0,0.0,0.0,0.0,0.0,0.0,0.0,0.0,0.0,2023,29
463,463,2023-07-20,Neem-Azadirachta indica,1.0,2.0,0.0,1.0,0.0,0.0,0.0,0.0,0.0,0.0,2023,25
464,464,2020-02-05,Neem-Azadirachta indica,1.0,2.0,,0.0,0.0,,,0.0,0.0,,2020,4
465,465,2019-09-16,Neem-Azadirachta indica,1.0,2.0,-2.0,0.0,0.0,-2.0,-2.0,0.0,0.0,-2.0,2019,33
466,466,2019-09-16,Neem-Azadirachta indica,1.0,2.0,1.0,0.0,0.0,-2.0,-2.0,0.0,0.0,-2.0,2019,33
467,467,2019-03-18,Neem-Azadirachta indica,0.0,2.0,1.0,-2.0,-2.0,-2.0,-2.0,-2.0,-2.0,-2.0,2019,9
468,468,2023-11-09,Night Flowering Jasmine-Nyctanthes arbor-tristis,1.0,2.0,1.0,0.0,0.0,-2.0,-2.0,0.0,0.0,-2.0,2023,40
469,469,2019-03-15,Night Flowering Jasmine-Nyctanthes arbor-tristis,1.0,2.0,0.0,0.0,0.0,-2.0,-2.0,1.0,-1.0,-2.0,2019,9
470,470,2019-11-22,Night Flowering Jasmine-Nyctanthes arbor-tristis,1.0,2.0,1.0,1.0,1.0,-2.0,-2.0,1.0,1.0,-2.0,2019,41
471,471,2019-11-14,Night Flowering Jasmine-Nyctanthes arbor-tristis,1.0,2.0,1.0,1.0,2.0,-2.0,-2.0,1.0,0.0,-2.0,2019,40
472,472,2023-11-04,Peepal-Ficus religiosa,1.0,2.0,1.0,-2.0,-2.0,-2.0,-2.0,0.0,0.0,-2.0,2023,39
473,473,2019-03-15,Peepal-Ficus religiosa,0.0,2.0,1.0,0.0,0.0,-2.0,-2.0,0.0,0.0,-2.0,2019,9
474,474,2023-05-17,Peepal-Ficus religiosa,1.0,2.0,0.0,-2.0,-2.0,-2.0,-2.0,2.0,0.0,-2.0,2023,17
475,475,2019-09-16,Peepal-Ficus religiosa,1.0,2.0,1.0,-2.0,-2.0,-2.0,-2.0,1.0,1.0,-2.0,2019,33
476,476,2023-10-03,Peepal-Ficus religiosa,2.0,2.0,1.0,-2.0,-2.0,0.0,0.0,0.0,0.0,0.0,2023,35
477,477,2023-10-03,Peepal-Ficus religiosa,2.0,2.0,0.0,-2.0,-2.0,-2.0,-2.0,1.0,2.0,-2.0,2023,35
478,478,2023-10-03,Peepal-Ficus religiosa,2.0,2.0,1.0,-2.0,-2.0,-2.0,-2.0,0.0,0.0,-2.0,2023,35
479,479,2019-03-18,Peepal-Ficus religiosa,0.0,1.0,2.0,-2.0,-2.0,-2.0,-2.0,-2.0,-2.0,-2.0,2019,9
480,480,2015-09-07,Peepal-Ficus religiosa,-1.0,-1.0,,-1.0,-1.0,,,-1.0,-1.0,,2015,32
481,481,2022-08-24,Peepal-Ficus religiosa,1.0,2.0,1.0,-2.0,-2.0,-2.0,-2.0,0.0,0.0,-2.0,2022,30
482,482,2023-10-10,Peepal-Ficus religiosa,2.0,2.0,1.0,-2.0,-2.0,-2.0,-2.0,0.0,0.0,-2.0,2023,36
483,483,2023-10-10,Peepal-Ficus religiosa,1.0,2.0,1.0,-2.0,-2.0,-2.0,-2.0,1.0,1.0,-2.0,2023,36
484,484,2023-10-10,Peepal-Ficus religiosa,1.0,2.0,2.0,-2.0,-2.0,0.0,0.0,0.0,0.0,0.0,2023,36
485,485,2023-10-10,Peepal-Ficus religiosa,2.0,2.0,2.0,-2.0,-2.0,0.0,0.0,0.0,0.0,0.0,2023,36
486,486,2023-10-10,Peepal-Ficus religiosa,2.0,2.0,2.0,-2.0,-2.0,0.0,0.0,0.0,0.0,0.0,2023,36
487,487,2023-11-13,Peepal-Ficus religiosa,-2.0,2.0,2.0,-2.0,-2.0,-2.0,-2.0,0.0,0.0,-2.0,2023,40
488,488,2018-10-13,Pongam Tree-Pongamia pinnata,-1.0,2.0,-1.0,1.0,1.0,-2.0,-2.0,-2.0,-2.0,-2.0,2018,36
489,489,2023-11-29,Pride of India-Lagerstroemia speciosa,1.0,2.0,2.0,-2.0,1.0,-2.0,-2.0,-2.0,2.0,-2.0,2023,42
490,490,2019-09-16,Purple Bauhinia-Bauhinia purpurea,2.0,2.0,1.0,0.0,0.0,-2.0,-2.0,0.0,0.0,0.0,2019,33
491,491,2019-12-08,Quickstick-Gliricidia sepium,2.0,2.0,2.0,-2.0,-2.0,-2.0,-2.0,-2.0,-2.0,-2.0,2019,44
492,492,2020-03-30,Red Silk Cotton-Bombax ceiba,1.0,0.0,1.0,0.0,1.0,-2.0,-2.0,1.0,0.0,0.0,2020,11
493,493,2020-03-09,Red Silk Cotton-Bombax ceiba,0.0,0.0,1.0,1.0,2.0,-2.0,-2.0,0.0,0.0,0.0,2020,8
494,494,2015-08-21,Red Silk Cotton-Bombax ceiba,2.0,0.0,,0.0,0.0,,,0.0,0.0,,2015,30
495,495,2023-05-17,Red Silk Cotton-Bombax ceiba,2.0,1.0,0.0,0.0,0.0,-2.0,-2.0,0.0,0.0,-2.0,2023,17
496,496,2020-03-01,Red Silk Cotton-Bombax ceiba,0.0,0.0,0.0,2.0,2.0,-2.0,-2.0,0.0,0.0,0.0,2020,7
497,497,2020-03-26,Red Silk Cotton-Bombax ceiba,0.0,1.0,1.0,1.0,1.0,-2.0,-2.0,1.0,0.0,0.0,2020,11
498,498,2019-09-16,Red Silk Cotton-Bombax ceiba,1.0,2.0,0.0,0.0,0.0,-2.0,-2.0,0.0,0.0,0.0,2019,33
499,499,2020-03-02,Red Silk Cotton-Bombax ceiba,0.0,1.0,1.0,1.0,1.0,-2.0,-2.0,0.0,0.0,0.0,2020,7
500,500,2019-03-18,Red Silk Cotton-Bombax ceiba,0.0,0.0,0.0,1.0,2.0,-2.0,-2.0,-2.0,-2.0,-2.0,2019,9
501,501,2022-09-02,Red Silk Cotton-Bombax ceiba,2.0,2.0,2.0,0.0,0.0,-2.0,-2.0,0.0,0.0,0.0,2022,31
502,502,2020-03-30,Silkworm Mulberry-Morus alba,2.0,0.0,0.0,0.0,0.0,0.0,0.0,2.0,1.0,-2.0,2020,11
503,503,2019-03-15,Silkworm Mulberry-Morus alba,2.0,2.0,0.0,0.0,0.0,0.0,0.0,0.0,0.0,-2.0,2019,9
504,504,2020-03-09,Silkworm Mulberry-Morus alba,2.0,0.0,0.0,0.0,0.0,0.0,0.0,1.0,0.0,-2.0,2020,8
505,505,2020-03-29,Silkworm Mulberry-Morus alba,2.0,0.0,0.0,0.0,0.0,0.0,0.0,1.0,0.0,-2.0,2020,11
506,506,2020-03-02,Silkworm Mulberry-Morus alba,-1.0,0.0,0.0,0.0,0.0,-1.0,-1.0,2.0,0.0,-2.0,2020,7
507,507,2020-03-17,Tamarind-Tamarindus indica,0.0,0.0,0.0,0.0,0.0,-2.0,-2.0,0.0,0.0,-2.0,2020,9
508,508,2020-03-26,Tamarind-Tamarindus indica,1.0,0.0,0.0,0.0,0.0,-2.0,-2.0,0.0,0.0,-2.0,2020,11
509,509,2021-09-05,Teak-Tectona grandis,-2.0,2.0,-2.0,2.0,-2.0,-2.0,-2.0,0.0,0.0,-2.0,2021,31
510,510,2023-11-05,Toddy Palm-Borassus flabellifer,1.0,2.0,1.0,0.0,0.0,-2.0,-2.0,0.0,0.0,-2.0,2023,39
511,511,2014-02-16,True Ashoka-Saraca asoca,0.0,1.0,,0.0,0.0,,,0.0,0.0,,2014,6
512,512,2015-04-06,True Ashoka-Saraca asoca,0.0,2.0,,0.0,0.0,,,0.0,0.0,,2015,12
513,513,2015-04-12,True Ashoka-Saraca asoca,0.0,2.0,,0.0,0.0,,,0.0,0.0,,2015,13
514,514,2014-07-27,True Ashoka-Saraca asoca,1.0,2.0,,0.0,0.0,,,0.0,0.0,,2014,26
515,515,2014-07-20,True Ashoka-Saraca asoca,1.0,2.0,,0.0,0.0,,,0.0,0.0,,2014,25
516,516,2014-10-08,True Ashoka-Saraca asoca,1.0,2.0,,0.0,0.0,,,0.0,0.0,,2014,36
517,517,2015-05-10,True Ashoka-Saraca asoca,1.0,2.0,,0.0,0.0,,,0.0,0.0,,2015,16
518,518,2014-03-23,True Ashoka-Saraca asoca,0.0,2.0,,0.0,0.0,,,0.0,0.0,,2014,10
519,519,2014-03-16,True Ashoka-Saraca asoca,0.0,2.0,,0.0,0.0,,,0.0,0.0,,2014,9
520,520,2014-04-20,True Ashoka-Saraca asoca,1.0,2.0,,0.0,0.0,,,0.0,0.0,,2014,14
521,521,2014-04-27,True Ashoka-Saraca asoca,1.0,2.0,,0.0,0.0,,,0.0,0.0,,2014,15
522,522,2014-04-13,True Ashoka-Saraca asoca,0.0,1.0,,0.0,0.0,,,0.0,0.0,,2014,13
523,523,2015-05-03,True Ashoka-Saraca asoca,2.0,2.0,,0.0,0.0,,,0.0,0.0,,2015,15
524,524,2014-03-30,True Ashoka-Saraca asoca,0.0,2.0,,0.0,0.0,,,0.0,0.0,,2014,11
525,525,2014-12-01,True Ashoka-Saraca asoca,1.0,2.0,,0.0,0.0,,,0.0,0.0,,2014,43
526,526,2014-02-03,True Ashoka-Saraca asoca,1.0,2.0,,0.0,0.0,,,0.0,0.0,,2014,4
527,527,2014-09-03,True Ashoka-Saraca asoca,0.0,2.0,,0.0,0.0,,,0.0,0.0,,2014,31
528,528,2014-02-23,True Ashoka-Saraca asoca,0.0,2.0,,0.0,0.0,,,0.0,0.0,,2014,6
529,529,2015-04-19,True Ashoka-Saraca asoca,1.0,2.0,,0.0,0.0,,,0.0,0.0,,2015,14
530,530,2014-05-25,True Ashoka-Saraca asoca,1.0,2.0,,0.0,0.0,,,0.0,0.0,,2014,18
531,531,2014-01-06,True Ashoka-Saraca asoca,1.0,2.0,,0.0,0.0,,,0.0,0.0,,2014,0
532,532,2014-11-05,True Ashoka-Saraca asoca,1.0,2.0,,0.0,0.0,,,0.0,0.0,,2014,39
533,533,2015-04-26,True Ashoka-Saraca asoca,1.0,2.0,,0.0,0.0,,,0.0,0.0,,2015,14
534,534,2014-06-15,True Ashoka-Saraca asoca,1.0,2.0,,0.0,0.0,,,0.0,0.0,,2014,21
535,535,2014-08-06,True Ashoka-Saraca asoca,1.0,2.0,,2.0,2.0,,,0.0,-1.0,,2014,28
536,536,2014-01-19,True Ashoka-Saraca asoca,1.0,2.0,,0.0,0.0,,,0.0,0.0,,2014,2
537,537,2014-09-02,True Ashoka-Saraca asoca,0.0,2.0,,0.0,0.0,,,0.0,0.0,,2014,31
538,538,2014-05-01,True Ashoka-Saraca asoca,1.0,2.0,,0.0,0.0,,,0.0,0.0,,2014,15
539,539,2014-02-02,True Ashoka-Saraca asoca,0.0,2.0,,0.0,0.0,,,0.0,0.0,,2014,4
540,540,2023-11-04,True Ashoka-Saraca asoca,0.0,2.0,1.0,0.0,0.0,-2.0,-2.0,0.0,0.0,0.0,2023,39
541,541,2021-07-11,True Ashoka-Saraca asoca,2.0,2.0,1.0,0.0,0.0,-2.0,-2.0,0.0,0.0,0.0,2021,24
542,542,2014-01-26,True Ashoka-Saraca asoca,0.0,1.0,,0.0,0.0,,,0.0,0.0,,2014,3
543,543,2015-03-22,True Ashoka-Saraca asoca,1.0,2.0,,0.0,0.0,,,0.0,0.0,,2015,10
544,544,2015-06-28,True Ashoka-Saraca asoca,1.0,2.0,,0.0,0.0,,,0.0,0.0,,2015,23
545,545,2015-03-29,True Ashoka-Saraca asoca,1.0,2.0,,0.0,0.0,,,0.0,0.0,,2015,11
546,546,2019-03-18,Vilaiti Keekar-Prosopis juliflora,1.0,2.0,0.0,-2.0,-2.0,-2.0,-2.0,-2.0,-2.0,-2.0,2019,9
547,547,2022-03-30,Wood Apple-Aegle marmelos,1.0,2.0,-2.0,-2.0,-2.0,-2.0,-2.0,2.0,-1.0,-2.0,2022,11
548,548,2022-04-22,Wood Apple-Aegle marmelos,0.0,0.0,1.0,-2.0,-2.0,-2.0,-2.0,-2.0,1.0,-2.0,2022,14
549,549,2023-12-10,Wood Apple-Aegle marmelos,2.0,-1.0,2.0,-1.0,-1.0,-2.0,-2.0,2.0,0.0,-2.0,2023,44
550,550,2023-12-02,Wood Apple-Aegle marmelos,-1.0,2.0,2.0,-1.0,-1.0,0.0,0.0,2.0,0.0,0.0,2023,43
551,551,2023-11-09,Wood Apple-Aegle marmelos,1.0,2.0,1.0,0.0,0.0,-2.0,-2.0,1.0,0.0,-2.0,2023,40
552,552,2022-04-14,Kardhai-Anogeissus pendula,2.0,0.0,0.0,0.0,0.0,-2.0,-2.0,0.0,2.0,0.0,2022,13
553,553,2022-08-27,Kardhai-Anogeissus pendula,0.0,2.0,0.0,2.0,1.0,-2.0,-2.0,1.0,0.0,-2.0,2022,30
554,554,2022-05-21,Kardhai-Anogeissus pendula,1.0,0.0,0.0,0.0,0.0,-2.0,-2.0,0.0,0.0,0.0,2022,18
555,555,2022-07-16,Kardhai-Anogeissus pendula,2.0,1.0,0.0,0.0,0.0,-2.0,-2.0,0.0,0.0,0.0,2022,25
556,556,2022-05-12,Kardhai-Anogeissus pendula,1.0,0.0,0.0,0.0,0.0,0.0,0.0,0.0,0.0,0.0,2022,16
557,557,2022-07-04,Kardhai-Anogeissus pendula,2.0,2.0,0.0,0.0,0.0,-2.0,-2.0,0.0,0.0,0.0,2022,23
558,558,2022-12-10,Kardhai-Anogeissus pendula,0.0,2.0,1.0,0.0,0.0,-2.0,-2.0,1.0,2.0,-2.0,2022,44
559,559,2022-10-15,Kardhai-Anogeissus pendula,2.0,2.0,0.0,0.0,1.0,0.0,0.0,1.0,2.0,0.0,2022,37
560,560,2022-11-29,Kardhai-Anogeissus pendula,0.0,2.0,0.0,0.0,1.0,0.0,0.0,1.0,2.0,0.0,2022,42
561,561,2022-09-18,Kardhai-Anogeissus pendula,2.0,2.0,0.0,2.0,2.0,-2.0,-2.0,2.0,1.0,-2.0,2022,33
562,562,2022-06-06,Kardhai-Anogeissus pendula,2.0,1.0,0.0,0.0,0.0,-2.0,-2.0,0.0,0.0,0.0,2022,20
563,563,2022-08-07,Kardhai-Anogeissus pendula,2.0,2.0,0.0,2.0,2.0,-2.0,-2.0,0.0,0.0,0.0,2022,28
564,564,2022-09-11,Kardhai-Anogeissus pendula,1.0,2.0,0.0,1.0,2.0,-2.0,-2.0,2.0,1.0,-2.0,2022,32
565,565,2022-05-12,Babool-Acacia nilotica,1.0,1.0,0.0,0.0,0.0,0.0,0.0,0.0,1.0,0.0,2022,16
566,566,2022-05-01,Babool-Acacia nilotica,1.0,1.0,0.0,0.0,0.0,-2.0,-2.0,0.0,1.0,-2.0,2022,15
567,567,2023-05-10,Babool-Acacia nilotica,2.0,1.0,0.0,0.0,0.0,0.0,0.0,2.0,0.0,0.0,2023,16
568,568,2023-05-29,Babool-Acacia nilotica,2.0,0.0,0.0,0.0,0.0,0.0,0.0,0.0,2.0,0.0,2023,19
569,569,2022-04-07,Babool-Acacia nilotica,1.0,2.0,0.0,0.0,0.0,0.0,0.0,2.0,0.0,0.0,2022,12
570,570,2022-04-14,Babool-Acacia nilotica,1.0,2.0,0.0,0.0,0.0,-2.0,-2.0,2.0,0.0,-2.0,2022,13
571,571,2019-11-28,Babool-Acacia nilotica,1.0,2.0,1.0,0.0,1.0,-2.0,-2.0,0.0,0.0,-2.0,2019,42
572,572,2022-12-10,Babool-Acacia nilotica,1.0,2.0,0.0,0.0,0.0,0.0,0.0,0.0,0.0,0.0,2022,44
573,573,2019-11-02,Babool-Acacia nilotica,0.0,2.0,0.0,0.0,2.0,-2.0,-2.0,0.0,0.0,-2.0,2019,39
574,574,2019-10-23,Babool-Acacia nilotica,1.0,2.0,0.0,1.0,2.0,-2.0,-2.0,0.0,0.0,-2.0,2019,38
575,575,2019-11-11,Babool-Acacia nilotica,0.0,2.0,0.0,0.0,2.0,-2.0,-2.0,0.0,0.0,-2.0,2019,40
576,576,2019-12-18,Babool-Acacia nilotica,0.0,2.0,1.0,0.0,0.0,-2.0,-2.0,0.0,0.0,-2.0,2019,45
577,577,2022-08-07,Babool-Acacia nilotica,1.0,2.0,0.0,2.0,2.0,0.0,0.0,0.0,0.0,0.0,2022,28
578,578,2019-12-06,Babool-Acacia nilotica,1.0,2.0,0.0,0.0,1.0,-2.0,-2.0,0.0,0.0,-2.0,2019,43
579,579,2022-09-11,Babool-Acacia nilotica,1.0,2.0,0.0,2.0,2.0,0.0,0.0,0.0,0.0,0.0,2022,32
580,580,2022-09-18,Babool-Acacia nilotica,1.0,2.0,0.0,2.0,2.0,0.0,0.0,0.0,0.0,0.0,2022,33
581,581,2019-10-10,Babool-Acacia nilotica,-1.0,2.0,0.0,1.0,2.0,-2.0,-2.0,0.0,0.0,-2.0,2019,36
582,582,2022-11-05,Babool-Acacia nilotica,1.0,2.0,0.0,0.0,0.0,0.0,0.0,0.0,0.0,0.0,2022,39
583,583,2022-11-13,Babool-Acacia nilotica,1.0,2.0,0.0,0.0,0.0,0.0,0.0,0.0,0.0,0.0,2022,40
584,584,2022-08-27,Babool-Acacia nilotica,1.0,2.0,0.0,2.0,2.0,0.0,0.0,0.0,0.0,0.0,2022,30
585,585,2022-10-15,Babool-Acacia nilotica,1.0,2.0,0.0,0.0,1.0,0.0,0.0,0.0,0.0,0.0,2022,37
586,586,2022-10-12,Babool-Acacia nilotica,2.0,2.0,0.0,0.0,1.0,0.0,0.0,0.0,0.0,0.0,2022,36
587,587,2022-06-06,Babool-Acacia nilotica,2.0,1.0,0.0,0.0,0.0,0.0,0.0,0.0,1.0,0.0,2022,20
588,588,2022-05-21,Babool-Acacia nilotica,1.0,1.0,0.0,0.0,0.0,0.0,0.0,0.0,1.0,0.0,2022,18
589,589,2022-07-04,Babool-Acacia nilotica,1.0,2.0,0.0,0.0,0.0,-2.0,-2.0,0.0,0.0,-2.0,2022,23
590,590,2020-01-18,Babool-Acacia nilotica,2.0,1.0,0.0,0.0,0.0,-2.0,-2.0,1.0,0.0,-2.0,2020,2
591,591,2022-07-16,Babool-Acacia nilotica,2.0,2.0,0.0,0.0,0.0,0.0,0.0,0.0,0.0,0.0,2022,25
592,592,2019-12-30,Babool-Acacia nilotica,0.0,2.0,0.0,0.0,0.0,-2.0,-2.0,0.0,0.0,-2.0,2020,46
593,593,2023-02-04,Babool-Acacia nilotica,1.0,2.0,0.0,0.0,0.0,0.0,0.0,0.0,0.0,0.0,2023,4
594,594,2019-12-30,Ber-Ziziphus mauritiana,0.0,2.0,0.0,0.0,0.0,-2.0,-2.0,1.0,1.0,-2.0,2020,46
595,595,2019-12-06,Ber-Ziziphus mauritiana,0.0,2.0,1.0,0.0,0.0,-2.0,-2.0,1.0,1.0,-2.0,2019,43
596,596,2019-11-28,Ber-Ziziphus mauritiana,0.0,2.0,1.0,0.0,0.0,-2.0,-2.0,1.0,0.0,-2.0,2019,42
597,597,2019-10-23,Ber-Ziziphus mauritiana,0.0,2.0,0.0,1.0,2.0,-2.0,-2.0,1.0,0.0,-2.0,2019,38
598,598,2019-11-11,Ber-Ziziphus mauritiana,0.0,2.0,1.0,0.0,1.0,-2.0,-2.0,2.0,0.0,-2.0,2019,40
599,599,2022-12-10,Chinese lantern tree-Dichrostachys cinerea,0.0,2.0,0.0,0.0,0.0,0.0,0.0,2.0,1.0,1.0,2022,44
600,600,2022-05-01,Chinese lantern tree-Dichrostachys cinerea,1.0,2.0,0.0,1.0,0.0,0.0,0.0,0.0,1.0,0.0,2022,15
601,601,2022-05-21,Chinese lantern tree-Dichrostachys cinerea,1.0,1.0,0.0,0.0,0.0,0.0,0.0,0.0,0.0,0.0,2022,18
602,602,2022-10-15,Chinese lantern tree-Dichrostachys cinerea,1.0,2.0,0.0,0.0,0.0,0.0,0.0,2.0,0.0,0.0,2022,37
603,603,2022-04-14,Chinese lantern tree-Dichrostachys cinerea,2.0,0.0,1.0,1.0,0.0,-2.0,-2.0,0.0,2.0,1.0,2022,13
604,604,2022-11-29,Chinese lantern tree-Dichrostachys cinerea,1.0,2.0,0.0,0.0,0.0,0.0,0.0,2.0,1.0,0.0,2022,42
605,605,2022-07-16,Chinese lantern tree-Dichrostachys cinerea,1.0,2.0,0.0,2.0,2.0,-2.0,-2.0,0.0,0.0,0.0,2022,25
606,606,2022-08-27,Chinese lantern tree-Dichrostachys cinerea,1.0,2.0,0.0,0.0,0.0,0.0,0.0,0.0,0.0,0.0,2022,30
607,607,2022-08-07,Chinese lantern tree-Dichrostachys cinerea,1.0,2.0,0.0,0.0,0.0,-2.0,-2.0,0.0,0.0,0.0,2022,28
608,608,2022-05-12,Chinese lantern tree-Dichrostachys cinerea,0.0,1.0,0.0,0.0,0.0,-2.0,-2.0,0.0,1.0,1.0,2022,16
609,609,2022-07-04,Chinese lantern tree-Dichrostachys cinerea,2.0,1.0,1.0,2.0,2.0,-2.0,-2.0,0.0,0.0,0.0,2022,23
610,610,2022-09-18,Chinese lantern tree-Dichrostachys cinerea,1.0,2.0,0.0,0.0,0.0,0.0,0.0,0.0,0.0,0.0,2022,33
611,611,2022-06-06,Chinese lantern tree-Dichrostachys cinerea,2.0,1.0,0.0,2.0,0.0,-2.0,-2.0,0.0,0.0,0.0,2022,20
612,612,2022-11-01,Coconut palm-Cocos nucifera,2.0,1.0,1.0,1.0,2.0,-2.0,-2.0,2.0,1.0,-2.0,2022,39
613,613,2023-02-22,Coconut palm-Cocos nucifera,0.0,1.0,0.0,0.0,1.0,0.0,0.0,1.0,1.0,0.0,2023,6
614,614,2022-10-15,Garlic-pear tree-Crataeva religiosa,1.0,2.0,1.0,0.0,0.0,0.0,0.0,0.0,1.0,0.0,2022,37
615,615,2022-05-12,Garlic-pear tree-Crataeva religiosa,1.0,2.0,0.0,0.0,0.0,-2.0,-2.0,2.0,0.0,-2.0,2022,16
616,616,2022-08-27,Garlic-pear tree-Crataeva religiosa,0.0,2.0,1.0,0.0,0.0,-2.0,-2.0,2.0,1.0,-2.0,2022,30
617,617,2022-11-05,Garlic-pear tree-Crataeva religiosa,0.0,2.0,1.0,0.0,0.0,0.0,0.0,0.0,0.0,0.0,2022,39
618,618,2022-08-07,Garlic-pear tree-Crataeva religiosa,0.0,2.0,0.0,0.0,0.0,0.0,0.0,0.0,2.0,0.0,2022,28
619,619,2022-09-11,Garlic-pear tree-Crataeva religiosa,1.0,2.0,1.0,0.0,0.0,-2.0,-2.0,0.0,0.0,-2.0,2022,32
620,620,2022-09-18,Garlic-pear tree-Crataeva religiosa,1.0,2.0,1.0,0.0,0.0,0.0,0.0,0.0,0.0,0.0,2022,33
621,621,2022-05-01,Garlic-pear tree-Crataeva religiosa,2.0,2.0,0.0,0.0,1.0,-2.0,-2.0,2.0,0.0,-2.0,2022,15
622,622,2023-03-31,Garlic-pear tree-Crataeva religiosa,1.0,0.0,0.0,0.0,0.0,0.0,0.0,0.0,0.0,0.0,2023,11
623,623,2022-05-21,Garlic-pear tree-Crataeva religiosa,1.0,2.0,0.0,0.0,0.0,0.0,0.0,2.0,0.0,0.0,2022,18
624,624,2023-02-04,Garlic-pear tree-Crataeva religiosa,0.0,0.0,1.0,0.0,0.0,0.0,0.0,0.0,0.0,0.0,2023,4
625,625,2022-04-14,Garlic-pear tree-Crataeva religiosa,2.0,1.0,0.0,2.0,2.0,-2.0,-2.0,0.0,0.0,-2.0,2022,13
626,626,2022-07-04,Garlic-pear tree-Crataeva religiosa,1.0,2.0,0.0,0.0,0.0,-2.0,-2.0,2.0,0.0,-2.0,2022,23
627,627,2022-07-16,Garlic-pear tree-Crataeva religiosa,0.0,2.0,0.0,0.0,0.0,0.0,0.0,1.0,2.0,0.0,2022,25
628,628,2022-04-07,Garlic-pear tree-Crataeva religiosa,2.0,0.0,0.0,2.0,1.0,-2.0,-2.0,0.0,0.0,-2.0,2022,12
629,629,2022-06-06,Garlic-pear tree-Crataeva religiosa,1.0,2.0,0.0,0.0,0.0,0.0,0.0,2.0,0.0,0.0,2022,20
630,630,2022-08-07,Flame of the Forest-Butea monosperma,0.0,2.0,0.0,0.0,0.0,-2.0,-2.0,0.0,0.0,-2.0,2022,28
631,631,2022-06-06,Flame of the Forest-Butea monosperma,1.0,2.0,0.0,0.0,0.0,-2.0,-2.0,0.0,0.0,-2.0,2022,20
632,632,2022-05-12,Flame of the Forest-Butea monosperma,2.0,0.0,0.0,0.0,0.0,-2.0,-2.0,1.0,0.0,-2.0,2022,16
633,633,2022-05-21,Flame of the Forest-Butea monosperma,2.0,1.0,0.0,0.0,0.0,-2.0,-2.0,0.0,0.0,-2.0,2022,18
634,634,2022-04-07,Flame of the Forest-Butea monosperma,0.0,1.0,1.0,2.0,2.0,-2.0,-2.0,0.0,0.0,-2.0,2022,12
635,635,2022-09-11,Flame of the Forest-Butea monosperma,0.0,2.0,0.0,0.0,0.0,-2.0,-2.0,0.0,0.0,-2.0,2022,32
636,636,2023-05-10,Flame of the Forest-Butea monosperma,0.0,0.0,0.0,0.0,0.0,0.0,0.0,0.0,0.0,0.0,2023,16
637,637,2022-04-14,Flame of the Forest-Butea monosperma,0.0,0.0,1.0,1.0,2.0,0.0,0.0,1.0,0.0,0.0,2022,13
638,638,2022-10-15,Flame of the Forest-Butea monosperma,0.0,2.0,1.0,0.0,0.0,0.0,0.0,0.0,0.0,0.0,2022,37
639,639,2022-07-16,Flame of the Forest-Butea monosperma,0.0,2.0,0.0,0.0,0.0,-2.0,-2.0,0.0,0.0,-2.0,2022,25
640,640,2022-05-01,Flame of the Forest-Butea monosperma,1.0,0.0,0.0,0.0,1.0,0.0,0.0,2.0,1.0,0.0,2022,15
641,641,2022-09-18,Flame of the Forest-Butea monosperma,0.0,2.0,0.0,0.0,0.0,-2.0,-2.0,0.0,0.0,-2.0,2022,33
642,642,2022-11-29,Flame of the Forest-Butea monosperma,0.0,2.0,0.0,0.0,0.0,-2.0,-2.0,0.0,0.0,-2.0,2022,42
643,643,2022-07-04,Flame of the Forest-Butea monosperma,1.0,2.0,0.0,0.0,0.0,0.0,0.0,0.0,0.0,0.0,2022,23
644,644,2022-08-27,Flame of the Forest-Butea monosperma,1.0,2.0,0.0,0.0,0.0,0.0,0.0,0.0,0.0,0.0,2022,30
645,645,2022-10-26,Flame of the Forest-Butea monosperma,0.0,2.0,0.0,0.0,0.0,0.0,0.0,0.0,0.0,0.0,2022,38
646,646,2020-01-18,Gamar-Gmelina arborea,0.0,1.0,1.0,0.0,0.0,-2.0,-2.0,0.0,0.0,-2.0,2020,2
647,647,2019-11-11,Gamar-Gmelina arborea,0.0,1.0,2.0,0.0,0.0,-2.0,-2.0,0.0,0.0,-2.0,2019,40
648,648,2019-12-06,Gamar-Gmelina arborea,0.0,1.0,1.0,0.0,0.0,-2.0,-2.0,0.0,0.0,-2.0,2019,43
649,649,2019-11-28,Gamar-Gmelina arborea,0.0,1.0,1.0,0.0,0.0,-2.0,-2.0,0.0,0.0,-2.0,2019,42
650,650,2019-10-23,Gamar-Gmelina arborea,0.0,2.0,2.0,0.0,0.0,-2.0,-2.0,0.0,0.0,-2.0,2019,38
651,651,2019-11-02,Gamar-Gmelina arborea,0.0,1.0,1.0,0.0,0.0,-2.0,-2.0,0.0,0.0,-2.0,2019,39
652,652,2019-12-30,Gamar-Gmelina arborea,0.0,1.0,1.0,0.0,0.0,-2.0,-2.0,0.0,0.0,-2.0,2020,46
653,653,2019-12-18,Gamar-Gmelina arborea,0.0,1.0,1.0,0.0,0.0,-2.0,-2.0,0.0,0.0,-2.0,2019,45
654,654,2019-12-06,Ghost Tree-Sterculia urens,0.0,1.0,1.0,0.0,0.0,0.0,-2.0,0.0,0.0,0.0,2019,43
655,655,2019-11-02,Ghost Tree-Sterculia urens,0.0,1.0,1.0,0.0,0.0,0.0,-2.0,0.0,0.0,0.0,2019,39
656,656,2019-10-23,Ghost Tree-Sterculia urens,0.0,1.0,2.0,0.0,0.0,0.0,-2.0,0.0,0.0,0.0,2019,38
657,657,2019-12-14,Ghost Tree-Sterculia urens,0.0,1.0,1.0,0.0,0.0,0.0,-2.0,0.0,0.0,0.0,2019,44
658,658,2020-01-18,Ghost Tree-Sterculia urens,0.0,0.0,1.0,0.0,0.0,0.0,-2.0,0.0,0.0,0.0,2020,2
659,659,2019-11-28,Ghost Tree-Sterculia urens,0.0,1.0,1.0,0.0,0.0,0.0,-2.0,0.0,0.0,0.0,2019,42
660,660,2021-06-09,Indian Laburnum-Cassia fistula,1.0,2.0,0.0,2.0,2.0,0.0,0.0,0.0,0.0,0.0,2021,20
661,661,2021-06-09,Indian Laburnum-Cassia fistula,1.0,2.0,0.0,2.0,2.0,0.0,0.0,0.0,0.0,0.0,2021,20
662,662,2022-04-14,Jhinjheri-Bauhinia racemosa,0.0,1.0,0.0,0.0,0.0,0.0,0.0,0.0,2.0,0.0,2022,13
663,663,2019-12-30,Kaim-Mitragyna parviflora,0.0,2.0,2.0,0.0,0.0,-2.0,-2.0,0.0,0.0,0.0,2020,46
664,664,2019-11-28,Kaim-Mitragyna parviflora,0.0,2.0,2.0,0.0,0.0,-2.0,-2.0,0.0,0.0,0.0,2019,42
665,665,2019-11-11,Kaim-Mitragyna parviflora,0.0,2.0,2.0,0.0,0.0,-2.0,-2.0,0.0,0.0,0.0,2019,40
666,666,2019-10-23,Kaim-Mitragyna parviflora,1.0,2.0,0.0,0.0,0.0,-2.0,-2.0,0.0,0.0,0.0,2019,38
667,667,2019-12-06,Kaim-Mitragyna parviflora,0.0,2.0,1.0,0.0,0.0,-2.0,-2.0,0.0,0.0,0.0,2019,43
668,668,2022-02-22,Neem-Azadirachta indica,0.0,2.0,1.0,0.0,0.0,0.0,0.0,0.0,0.0,0.0,2022,6
669,669,2021-03-17,Neem-Azadirachta indica,2.0,2.0,1.0,0.0,0.0,-2.0,-2.0,0.0,0.0,-2.0,2021,9
670,670,2021-02-03,Neem-Azadirachta indica,1.0,2.0,0.0,0.0,0.0,-2.0,-2.0,0.0,0.0,-2.0,2021,4
671,671,2021-01-25,Neem-Azadirachta indica,0.0,2.0,0.0,0.0,0.0,0.0,0.0,0.0,0.0,0.0,2021,3
672,672,2020-10-12,Neem-Azadirachta indica,1.0,2.0,1.0,0.0,0.0,-2.0,-2.0,0.0,0.0,-2.0,2020,36
673,673,2021-08-30,Neem-Azadirachta indica,1.0,2.0,0.0,0.0,0.0,0.0,0.0,0.0,0.0,0.0,2021,31
674,674,2020-10-12,Pongam Tree-Pongamia pinnata,1.0,2.0,1.0,0.0,0.0,0.0,0.0,0.0,0.0,0.0,2020,36
675,675,2021-03-17,Pongam Tree-Pongamia pinnata,0.0,2.0,2.0,0.0,0.0,-2.0,-2.0,0.0,-1.0,-2.0,2021,9
676,676,2022-02-22,Pongam Tree-Pongamia pinnata,0.0,2.0,1.0,0.0,0.0,0.0,0.0,0.0,0.0,0.0,2022,6
677,677,2020-03-07,Red Silk Cotton-Bombax ceiba,0.0,2.0,1.0,1.0,2.0,-2.0,-2.0,0.0,0.0,0.0,2020,8
678,678,2020-10-12,Red Silk Cotton-Bombax ceiba,1.0,2.0,1.0,0.0,0.0,0.0,0.0,0.0,0.0,0.0,2020,36
679,679,2023-03-11,Red Silk Cotton-Bombax ceiba,1.0,1.0,1.0,2.0,2.0,0.0,0.0,1.0,0.0,0.0,2023,9
680,680,2021-03-17,Red Silk Cotton-Bombax ceiba,1.0,1.0,2.0,2.0,1.0,0.0,0.0,0.0,0.0,0.0,2021,9
681,681,2022-08-07,Siris-Albizia lebbeck,1.0,2.0,0.0,0.0,0.0,-2.0,-2.0,1.0,0.0,-2.0,2022,28
682,682,2022-07-16,Siris-Albizia lebbeck,1.0,2.0,0.0,0.0,0.0,0.0,0.0,0.0,1.0,0.0,2022,25
683,683,2022-11-29,Siris-Albizia lebbeck,0.0,2.0,0.0,0.0,0.0,0.0,0.0,0.0,2.0,0.0,2022,42
684,684,2022-07-04,Siris-Albizia lebbeck,1.0,2.0,0.0,0.0,0.0,-2.0,-2.0,0.0,1.0,-2.0,2022,23
685,685,2022-08-27,Siris-Albizia lebbeck,1.0,2.0,0.0,0.0,0.0,0.0,0.0,2.0,0.0,0.0,2022,30
686,686,2022-04-14,Siris-Albizia lebbeck,0.0,2.0,0.0,2.0,2.0,0.0,0.0,0.0,2.0,0.0,2022,13
687,687,2022-04-07,Siris-Albizia lebbeck,2.0,0.0,0.0,2.0,2.0,0.0,0.0,0.0,0.0,0.0,2022,12
688,688,2022-09-18,Siris-Albizia lebbeck,1.0,2.0,0.0,0.0,0.0,-2.0,-2.0,2.0,1.0,-2.0,2022,33
689,689,2022-12-10,Siris-Albizia lebbeck,0.0,2.0,0.0,0.0,0.0,0.0,0.0,0.0,2.0,0.0,2022,44
690,690,2022-10-26,Siris-Albizia lebbeck,0.0,2.0,1.0,0.0,0.0,0.0,0.0,0.0,2.0,0.0,2022,38
691,691,2022-10-15,Siris-Albizia lebbeck,1.0,2.0,0.0,0.0,0.0,0.0,0.0,2.0,0.0,0.0,2022,37
692,692,2022-05-21,Siris-Albizia lebbeck,1.0,2.0,0.0,0.0,0.0,-2.0,-2.0,0.0,1.0,-2.0,2022,18
693,693,2022-06-06,Siris-Albizia lebbeck,0.0,2.0,0.0,0.0,0.0,-2.0,-2.0,0.0,0.0,-2.0,2022,20
694,694,2022-09-11,Siris-Albizia lebbeck,1.0,2.0,1.0,0.0,0.0,-2.0,-2.0,2.0,0.0,-2.0,2022,32
695,695,2022-05-01,Siris-Albizia lebbeck,0.0,2.0,0.0,0.0,1.0,-2.0,-2.0,0.0,2.0,-2.0,2022,15
696,696,2022-05-12,Siris-Albizia lebbeck,0.0,2.0,0.0,0.0,0.0,0.0,0.0,0.0,1.0,0.0,2022,16
697,697,2022-10-15,Takoli-Dalbergia lanceolaria,1.0,2.0,0.0,0.0,0.0,0.0,0.0,1.0,0.0,0.0,2022,37
698,698,2022-09-18,Takoli-Dalbergia lanceolaria,1.0,2.0,0.0,0.0,0.0,-2.0,-2.0,0.0,2.0,-2.0,2022,33
699,699,2022-06-06,Takoli-Dalbergia lanceolaria,1.0,2.0,0.0,0.0,0.0,0.0,0.0,1.0,2.0,0.0,2022,20
700,700,2022-05-01,Takoli-Dalbergia lanceolaria,2.0,2.0,0.0,0.0,1.0,0.0,0.0,2.0,1.0,0.0,2022,15
701,701,2022-07-16,Takoli-Dalbergia lanceolaria,2.0,2.0,0.0,0.0,0.0,0.0,0.0,1.0,2.0,0.0,2022,25
702,702,2022-04-14,Takoli-Dalbergia lanceolaria,1.0,0.0,0.0,1.0,2.0,-2.0,-2.0,0.0,2.0,-2.0,2022,13
703,703,2022-11-05,Takoli-Dalbergia lanceolaria,1.0,2.0,0.0,0.0,0.0,0.0,0.0,1.0,0.0,0.0,2022,39
704,704,2022-05-21,Takoli-Dalbergia lanceolaria,2.0,1.0,0.0,0.0,0.0,-2.0,-2.0,2.0,1.0,-2.0,2022,18
705,705,2022-05-12,Takoli-Dalbergia lanceolaria,1.0,2.0,0.0,0.0,0.0,0.0,0.0,2.0,1.0,0.0,2022,16
706,706,2023-03-31,Takoli-Dalbergia lanceolaria,1.0,1.0,0.0,0.0,0.0,0.0,0.0,0.0,2.0,0.0,2023,11
707,707,2023-05-29,Takoli-Dalbergia lanceolaria,2.0,1.0,1.0,0.0,0.0,0.0,0.0,2.0,1.0,0.0,2023,19
708,708,2023-05-10,Takoli-Dalbergia lanceolaria,2.0,0.0,0.0,0.0,1.0,0.0,0.0,2.0,0.0,0.0,2023,16
709,709,2022-10-12,Takoli-Dalbergia lanceolaria,1.0,2.0,0.0,0.0,0.0,0.0,0.0,1.0,0.0,0.0,2022,36
710,710,2022-08-07,Takoli-Dalbergia lanceolaria,2.0,2.0,0.0,0.0,0.0,-2.0,-2.0,2.0,1.0,-2.0,2022,28
711,711,2022-08-27,Takoli-Dalbergia lanceolaria,2.0,2.0,0.0,0.0,0.0,-2.0,-2.0,0.0,1.0,-2.0,2022,30
712,712,2022-09-11,Takoli-Dalbergia lanceolaria,2.0,2.0,0.0,0.0,0.0,-2.0,-2.0,0.0,2.0,-2.0,2022,32
713,713,2022-07-04,Takoli-Dalbergia lanceolaria,2.0,2.0,0.0,0.0,0.0,0.0,0.0,2.0,0.0,0.0,2022,23
714,714,2022-12-10,Takoli-Dalbergia lanceolaria,0.0,2.0,1.0,0.0,0.0,0.0,0.0,1.0,0.0,0.0,2022,44
715,715,2023-02-04,Takoli-Dalbergia lanceolaria,0.0,2.0,0.0,0.0,0.0,-2.0,-2.0,0.0,0.0,-2.0,2023,4
716,716,2022-07-04,White Babool-Acacia leucophloea,1.0,2.0,0.0,0.0,0.0,-2.0,-2.0,0.0,0.0,-2.0,2022,23
717,717,2022-05-21,White Babool-Acacia leucophloea,2.0,2.0,0.0,0.0,0.0,-2.0,-2.0,0.0,0.0,-2.0,2022,18
718,718,2022-06-06,White Babool-Acacia leucophloea,1.0,2.0,0.0,0.0,0.0,-2.0,-2.0,0.0,0.0,-2.0,2022,20
719,719,2022-09-18,White Babool-Acacia leucophloea,2.0,2.0,0.0,2.0,2.0,-2.0,-2.0,0.0,0.0,-2.0,2022,33
720,720,2019-11-02,White Babool-Acacia leucophloea,0.0,2.0,0.0,1.0,2.0,-2.0,-2.0,1.0,0.0,-2.0,2019,39
721,721,2022-09-11,White Babool-Acacia leucophloea,1.0,2.0,0.0,2.0,1.0,-2.0,-2.0,0.0,0.0,-2.0,2022,32
722,722,2022-05-01,White Babool-Acacia leucophloea,2.0,2.0,0.0,0.0,0.0,0.0,0.0,1.0,0.0,0.0,2022,15
723,723,2019-10-10,White Babool-Acacia leucophloea,1.0,2.0,0.0,2.0,2.0,-2.0,-2.0,0.0,0.0,-2.0,2019,36
724,724,2019-11-28,White Babool-Acacia leucophloea,0.0,2.0,0.0,0.0,1.0,-2.0,-2.0,2.0,1.0,-2.0,2019,42
725,725,2022-04-07,White Babool-Acacia leucophloea,2.0,0.0,0.0,0.0,0.0,-2.0,-2.0,1.0,1.0,-2.0,2022,12
726,726,2022-12-10,White Babool-Acacia leucophloea,0.0,2.0,1.0,0.0,0.0,-2.0,-2.0,2.0,0.0,-2.0,2022,44
727,727,2019-11-11,White Babool-Acacia leucophloea,0.0,2.0,0.0,0.0,1.0,-2.0,-2.0,2.0,1.0,-2.0,2019,40
728,728,2022-04-14,White Babool-Acacia leucophloea,0.0,2.0,0.0,0.0,0.0,0.0,0.0,0.0,1.0,0.0,2022,13
729,729,2022-08-07,White Babool-Acacia leucophloea,1.0,2.0,0.0,0.0,0.0,-2.0,-2.0,0.0,0.0,-2.0,2022,28
730,730,2022-11-29,White Babool-Acacia leucophloea,0.0,2.0,0.0,0.0,0.0,0.0,0.0,2.0,0.0,0.0,2022,42
731,731,2022-05-12,White Babool-Acacia leucophloea,1.0,2.0,0.0,0.0,0.0,-2.0,-2.0,0.0,1.0,-2.0,2022,16
732,732,2022-08-27,White Babool-Acacia leucophloea,1.0,2.0,0.0,2.0,0.0,0.0,0.0,0.0,0.0,0.0,2022,30
733,733,2019-10-23,White Babool-Acacia leucophloea,1.0,2.0,0.0,2.0,2.0,-2.0,-2.0,0.0,0.0,-2.0,2019,38
734,734,2022-07-16,White Babool-Acacia leucophloea,2.0,2.0,0.0,0.0,0.0,-2.0,-2.0,0.0,0.0,-2.0,2022,25
735,735,2022-10-15,White Babool-Acacia leucophloea,1.0,2.0,0.0,2.0,2.0,0.0,0.0,0.0,0.0,0.0,2022,37
736,736,2019-12-06,White Babool-Acacia leucophloea,0.0,2.0,0.0,0.0,0.0,-2.0,-2.0,1.0,2.0,-2.0,2019,43
737,737,2022-10-26,White Babool-Acacia leucophloea,0.0,2.0,0.0,2.0,2.0,0.0,0.0,2.0,0.0,0.0,2022,38
738,738,2019-12-30,White Babool-Acacia leucophloea,0.0,2.0,0.0,0.0,0.0,-2.0,-2.0,0.0,2.0,-2.0,2020,46
739,739,2021-03-17,Wood Apple-Aegle marmelos,0.0,2.0,1.0,0.0,0.0,0.0,0.0,1.0,-1.0,0.0,2021,9
740,740,2020-10-12,Wood Apple-Aegle marmelos,1.0,2.0,1.0,0.0,0.0,0.0,0.0,1.0,0.0,0.0,2020,36
